"Date";"D0";"D1";"Value"
"2000";"B";"AA";"52529.47245116"
"2000";"B";"AE";"55730.42580816"
"2000";"B";"AB";"55971.18770093"
"2000";"B";"AC";"-240.76189277"
"2000";"B";"AD";"-3200.953357"
"2000";"B";"BCA";"47349.65538577"
"2000";"B";"B";"104488.32591363"
"2000";"B";"BP";"22.15895097"
"2000";"B";"BBB";"120842.36825227"
"2000";"B";"BB";"25.62717021"
"2000";"K";"AA";"57427.86235565"
"2000";"K";"AE";"57314.25248223"
"2000";"K";"AB";"56103.7036383"
"2000";"K";"AC";"1210.54884393"
"2000";"K";"AD";"113.60987342"
"2000";"K";"BCA";"29183.23197997"
"2000";"K";"B";"57654.66022999"
"2000";"K";"BP";"12.22688543"
"2000";"K";"BBB";"68472.49135716"
"2000";"K";"BB";"14.52103444"
"2000";"G";"AA";"35066.85234705"
"2000";"G";"AE";"33957.15675225"
"2000";"G";"AB";"33343.38396075"
"2000";"G";"AC";"613.7727915"
"2000";"G";"AD";"1109.6955948"
"2000";"G";"BCA";"20599.52750655"
"2000";"G";"B";"43694.65807258"
"2000";"G";"BP";"9.26637285"
"2000";"G";"BBB";"56322.30596518"
"2000";"G";"BB";"11.94433163"
"2000";"S";"AA";"44586.20753654"
"2000";"S";"AE";"41278.9733816"
"2000";"S";"AB";"41286.76112707"
"2000";"S";"AC";"-7.78774547"
"2000";"S";"AD";"3307.23415494"
"2000";"S";"BCA";"30841.64178741"
"2000";"S";"B";"5700"
"2000";"S";"BP";"1.20880509"
"2000";"S";"BBB";"6410.780256"
"2000";"S";"BB";"1.35954102"
"2000";"SD";"AA";"153334.39200266"
"2000";"SD";"AE";"152004.80573651"
"2000";"SD";"AB";"150429.03373932"
"2000";"SD";"AC";"1575.77199719"
"2000";"SD";"AD";"1329.58626615"
"2000";"SD";"BCA";"127974.0566597"
"2000";"SD";"B";"205837.6442162"
"2000";"SD";"BP";"43.65220925"
"2000";"SD";"BBB";"246347.94583061"
"2000";"SD";"BB";"52.24327221"
"2001";"B";"AA";"48889.56593459"
"2001";"B";"AE";"51909.5318696"
"2001";"B";"AB";"52111.54943321"
"2001";"B";"AC";"-202.01756361"
"2001";"B";"AD";"-3019.96593501"
"2001";"B";"BCA";"43434.87325827"
"2001";"B";"B";"104953.63840748"
"2001";"B";"BP";"21.70091539"
"2001";"B";"BBB";"118753.6620102"
"2001";"B";"BB";"24.55430045"
"2001";"K";"AA";"59704.81504708"
"2001";"K";"AE";"60365.9670049"
"2001";"K";"AB";"58889.64827267"
"2001";"K";"AC";"1476.31873223"
"2001";"K";"AD";"-661.15195782"
"2001";"K";"BCA";"30527.78651154"
"2001";"K";"B";"56862.71324121"
"2001";"K";"BP";"11.75731444"
"2001";"K";"BBB";"70147.13525168"
"2001";"K";"BB";"14.50409028"
"2001";"G";"AA";"36019.21779154"
"2001";"G";"AE";"34954.39526369"
"2001";"G";"AB";"34330.4518888"
"2001";"G";"AC";"623.94337489"
"2001";"G";"AD";"1064.82252785"
"2001";"G";"BCA";"21445.81292838"
"2001";"G";"B";"43613.53634955"
"2001";"G";"BP";"9.01782612"
"2001";"G";"BBB";"57602.29617548"
"2001";"G";"BB";"11.91023555"
"2001";"S";"AA";"46670.32507171"
"2001";"S";"AE";"43050.12290772"
"2001";"S";"AB";"43056.52354141"
"2001";"S";"AC";"-6.40063369"
"2001";"S";"AD";"3620.20216399"
"2001";"S";"BCA";"32543.84789939"
"2001";"S";"B";"2320.01"
"2001";"S";"BP";"0.47970077"
"2001";"S";"BBB";"3018.070784"
"2001";"S";"BB";"0.62403648"
"2001";"SD";"AA";"153881.00222863"
"2001";"SD";"AE";"152877.09542958"
"2001";"SD";"AB";"150985.25151976"
"2001";"SD";"AC";"1891.84390982"
"2001";"SD";"AD";"1003.90679905"
"2001";"SD";"BCA";"127952.32059758"
"2001";"SD";"B";"205429.89799824"
"2001";"SD";"BP";"42.47605802"
"2001";"SD";"BBB";"247201.16422136"
"2001";"SD";"BB";"51.11296406"
"2002";"B";"AA";"48529.74052421"
"2002";"B";"AE";"59216.2176565"
"2002";"B";"AB";"59304.93065609"
"2002";"B";"AC";"-88.71299959"
"2002";"B";"AD";"-10686.47713229"
"2002";"B";"BCA";"43214.49702044"
"2002";"B";"B";"120297.42009449"
"2002";"B";"BP";"24.95397435"
"2002";"B";"BBB";"143045.82583397"
"2002";"B";"BB";"29.67280484"
"2002";"K";"AA";"61513.81005141"
"2002";"K";"AE";"62446.25850106"
"2002";"K";"AB";"60875.24423856"
"2002";"K";"AC";"1571.0142625"
"2002";"K";"AD";"-932.44844965"
"2002";"K";"BCA";"32316.32422769"
"2002";"K";"B";"58523.91164806"
"2002";"K";"BP";"12.13994605"
"2002";"K";"BBB";"77377.43260441"
"2002";"K";"BB";"16.05083856"
"2002";"G";"AA";"36145.77708351"
"2002";"G";"AE";"35192.87711365"
"2002";"G";"AB";"34498.01453176"
"2002";"G";"AC";"694.86258189"
"2002";"G";"AD";"952.89996986"
"2002";"G";"BCA";"21628.99616792"
"2002";"G";"B";"42956.33590353"
"2002";"G";"BP";"8.91067575"
"2002";"G";"BBB";"57665.18105554"
"2002";"G";"BB";"11.96181471"
"2002";"S";"AA";"47457.58392988"
"2002";"S";"AE";"45213.29720588"
"2002";"S";"AB";"45216.69742877"
"2002";"S";"AC";"-3.40022289"
"2002";"S";"AD";"2244.286724"
"2002";"S";"BCA";"33241.86590482"
"2002";"S";"B";"10.007192"
"2002";"S";"BP";"0.00207585"
"2002";"S";"BBB";"329.832801"
"2002";"S";"BB";"0.06841908"
"2002";"SD";"AA";"156029.83244566"
"2002";"SD";"AE";"164451.57133374"
"2002";"SD";"AB";"162277.80771183"
"2002";"SD";"AC";"2173.76362191"
"2002";"SD";"AD";"-8421.73888808"
"2002";"SD";"BCA";"130401.68332087"
"2002";"SD";"B";"221777.67483808"
"2002";"SD";"BP";"46.00459765"
"2002";"SD";"BBB";"278408.27229492"
"2002";"SD";"BB";"57.75180283"
"2003";"B";"AA";"49356.60505436"
"2003";"B";"AE";"52118.08770581"
"2003";"B";"AB";"52294.64999412"
"2003";"B";"AC";"-176.56228831"
"2003";"B";"AD";"-2761.48265145"
"2003";"B";"BCA";"43802.17038721"
"2003";"B";"B";"121633.87195448"
"2003";"B";"BP";"24.94508733"
"2003";"B";"BBB";"139973.75867533"
"2003";"B";"BB";"28.70629355"
"2003";"K";"AA";"61954.32395531"
"2003";"K";"AE";"64437.74412911"
"2003";"K";"AB";"62900.39156283"
"2003";"K";"AC";"1537.35256628"
"2003";"K";"AD";"-2483.4201738"
"2003";"K";"BCA";"31220.76331731"
"2003";"K";"B";"63356.71607525"
"2003";"K";"BP";"12.99341039"
"2003";"K";"BBB";"80151.77446824"
"2003";"K";"BB";"16.43779797"
"2003";"G";"AA";"35881.08817298"
"2003";"G";"AE";"36200.99053557"
"2003";"G";"AB";"35312.21868095"
"2003";"G";"AC";"888.77185462"
"2003";"G";"AD";"-319.90236259"
"2003";"G";"BCA";"21069.31149054"
"2003";"G";"B";"41289.28439108"
"2003";"G";"BP";"8.46774659"
"2003";"G";"BBB";"56830.98970023"
"2003";"G";"BB";"11.65509227"
"2003";"S";"AA";"47260.45991627"
"2003";"S";"AE";"48322.74019125"
"2003";"S";"AB";"48323.58486544"
"2003";"S";"AC";"-0.84467419"
"2003";"S";"AD";"-1062.28027498"
"2003";"S";"BCA";"32432.29876527"
"2003";"S";"B";"0.001598"
"2003";"S";"BP";"0.00000033"
"2003";"S";"BBB";"412.700087"
"2003";"S";"BB";"0.08463793"
"2003";"SD";"AA";"155432.74564665"
"2003";"SD";"AE";"162059.83110949"
"2003";"SD";"AB";"159811.11365109"
"2003";"SD";"AC";"2248.7174584"
"2003";"SD";"AD";"-6627.08546284"
"2003";"SD";"BCA";"128524.54396033"
"2003";"SD";"B";"226279.87401881"
"2003";"SD";"BP";"46.40624464"
"2003";"SD";"BBB";"277369.2229308"
"2003";"SD";"BB";"56.88382173"
"2004";"B";"AA";"51128.20877434"
"2004";"B";"AE";"53322.42070786"
"2004";"B";"AB";"53314.85767624"
"2004";"B";"AC";"7.56303162"
"2004";"B";"AD";"-2194.21193352"
"2004";"B";"BCA";"45336.73821776"
"2004";"B";"B";"124468.33355034"
"2004";"B";"BP";"24.78137338"
"2004";"B";"BBB";"146753.80719329"
"2004";"B";"BB";"29.21836252"
"2004";"K";"AA";"63489.68577386"
"2004";"K";"AE";"66040.41048785"
"2004";"K";"AB";"64660.342364"
"2004";"K";"AC";"1380.06812385"
"2004";"K";"AD";"-2550.72471399"
"2004";"K";"BCA";"32684.63444919"
"2004";"K";"B";"63592.67224454"
"2004";"K";"BP";"12.66116216"
"2004";"K";"BBB";"84511.97595613"
"2004";"K";"BB";"16.82614985"
"2004";"G";"AA";"36285.86167128"
"2004";"G";"AE";"36048.87426929"
"2004";"G";"AB";"35455.01623066"
"2004";"G";"AC";"593.85803863"
"2004";"G";"AD";"236.98740199"
"2004";"G";"BCA";"21248.21665313"
"2004";"G";"B";"41623.63926402"
"2004";"G";"BP";"8.28717568"
"2004";"G";"BBB";"58073.72995434"
"2004";"G";"BB";"11.56235281"
"2004";"S";"AA";"47016.2675394"
"2004";"S";"AE";"49496.00945042"
"2004";"S";"AB";"49497.74990347"
"2004";"S";"AC";"-1.74045305"
"2004";"S";"AD";"-2479.74191102"
"2004";"S";"BCA";"31638.1964551"
"2004";"S";"B";"2000.003614"
"2004";"S";"BP";"0.39819635"
"2004";"S";"BBB";"2659.228348"
"2004";"S";"BB";"0.52944656"
"2004";"SD";"AA";"158836.88169743"
"2004";"SD";"AE";"165824.57285399"
"2004";"SD";"AB";"163844.82411294"
"2004";"SD";"AC";"1979.74874105"
"2004";"SD";"AD";"-6987.69115656"
"2004";"SD";"BCA";"130907.78577518"
"2004";"SD";"B";"229684.6486729"
"2004";"SD";"BP";"45.72971194"
"2004";"SD";"BBB";"289998.74145176"
"2004";"SD";"BB";"57.7381161"
"2005";"B";"AA";"54130.70286363"
"2005";"B";"AE";"53922.01012989"
"2005";"B";"AB";"54000.65622285"
"2005";"B";"AC";"-78.64609296"
"2005";"B";"AD";"208.69273374"
"2005";"B";"BCA";"47564.42019507"
"2005";"B";"B";"128029.89374086"
"2005";"B";"BP";"24.58103251"
"2005";"B";"BBB";"152366.17774601"
"2005";"B";"BB";"29.25346464"
"2005";"K";"AA";"66147.22322664"
"2005";"K";"AE";"67151.11735782"
"2005";"K";"AB";"66098.1477876"
"2005";"K";"AC";"1052.96957022"
"2005";"K";"AD";"-1003.89413118"
"2005";"K";"BCA";"34320.28409013"
"2005";"K";"B";"55972.80616704"
"2005";"K";"BP";"10.74646966"
"2005";"K";"BBB";"74316.27696318"
"2005";"K";"BB";"14.26831474"
"2005";"G";"AA";"36835.803757"
"2005";"G";"AE";"36766.77965838"
"2005";"G";"AB";"36351.42360235"
"2005";"G";"AC";"415.35605603"
"2005";"G";"AD";"69.02409862"
"2005";"G";"BCA";"21456.77624778"
"2005";"G";"B";"42057.88276387"
"2005";"G";"BP";"8.07488121"
"2005";"G";"BBB";"58603.71934299"
"2005";"G";"BB";"11.25159046"
"2005";"S";"AA";"48139.47547509"
"2005";"S";"AE";"50777.08435112"
"2005";"S";"AB";"50777.91026312"
"2005";"S";"AC";"-0.825912"
"2005";"S";"AD";"-2637.60887603"
"2005";"S";"BCA";"32209.77527221"
"2005";"S";"B";"3800.000551"
"2005";"S";"BP";"0.72957912"
"2005";"S";"BBB";"4359.246771"
"2005";"S";"BB";"0.8369513"
"2005";"SD";"AA";"165279.48446483"
"2005";"SD";"AE";"168643.27063967"
"2005";"SD";"AB";"167254.41701838"
"2005";"SD";"AC";"1388.85362129"
"2005";"SD";"AD";"-3363.78617484"
"2005";"SD";"BCA";"135551.25580519"
"2005";"SD";"B";"226060.58322277"
"2005";"SD";"BP";"43.40238349"
"2005";"SD";"BBB";"285845.42082318"
"2005";"SD";"BB";"54.88074213"
"2006";"B";"AA";"58013.03848596"
"2006";"B";"AE";"54824.64700903"
"2006";"B";"AB";"55064.65033781"
"2006";"B";"AC";"-240.00332878"
"2006";"B";"AD";"3188.39147693"
"2006";"B";"BCA";"50938.31289591"
"2006";"B";"B";"120482.69466721"
"2006";"B";"BP";"21.75871506"
"2006";"B";"BBB";"142072.40570723"
"2006";"B";"BB";"25.65773452"
"2006";"K";"AA";"69092.13083278"
"2006";"K";"AE";"67382.97977545"
"2006";"K";"AB";"66538.76998921"
"2006";"K";"AC";"844.20978624"
"2006";"K";"AD";"1709.15105733"
"2006";"K";"BCA";"36043.86198995"
"2006";"K";"B";"52316.36317188"
"2006";"K";"BP";"9.44813562"
"2006";"K";"BBB";"70634.57403672"
"2006";"K";"BB";"12.75633463"
"2006";"G";"AA";"38467.68541698"
"2006";"G";"AE";"37454.56303101"
"2006";"G";"AB";"37067.43391104"
"2006";"G";"AC";"387.12911997"
"2006";"G";"AD";"1013.12238597"
"2006";"G";"BCA";"22513.97842671"
"2006";"G";"B";"39155.83604786"
"2006";"G";"BP";"7.07139463"
"2006";"G";"BBB";"55434.94420327"
"2006";"G";"BB";"10.01133946"
"2006";"S";"AA";"49386.91862967"
"2006";"S";"AE";"50610.25917769"
"2006";"S";"AB";"50610.01964968"
"2006";"S";"AC";"0.23952801"
"2006";"S";"AD";"-1223.34054802"
"2006";"S";"BCA";"33265.16550362"
"2006";"S";"B";"4800.059103"
"2006";"S";"BP";"0.86687236"
"2006";"S";"BBB";"5178.487729"
"2006";"S";"BB";"0.93521513"
"2006";"SD";"AA";"173774.58026422"
"2006";"SD";"AE";"169087.25589204"
"2006";"SD";"AB";"168095.6807866"
"2006";"SD";"AC";"991.57510544"
"2006";"SD";"AD";"4687.32437218"
"2006";"SD";"BCA";"142761.31881619"
"2006";"SD";"B";"211954.95298995"
"2006";"SD";"BP";"38.27825599"
"2006";"SD";"BBB";"268520.41167622"
"2006";"SD";"BB";"48.49376205"
"2007";"B";"AA";"60480.8699967"
"2007";"B";"AE";"64027.67078277"
"2007";"B";"AB";"64500.85815458"
"2007";"B";"AC";"-473.18737181"
"2007";"B";"AD";"-3546.80078607"
"2007";"B";"BCA";"53441.00630254"
"2007";"B";"B";"114941.4862702"
"2007";"B";"BP";"19.51186263"
"2007";"B";"BBB";"138195.52847845"
"2007";"B";"BB";"23.45934662"
"2007";"K";"AA";"73726.8266435"
"2007";"K";"AE";"70266.55578543"
"2007";"K";"AB";"69274.52939016"
"2007";"K";"AC";"992.02639527"
"2007";"K";"AD";"3460.27085807"
"2007";"K";"BCA";"38697.36733243"
"2007";"K";"B";"50108.75574425"
"2007";"K";"BP";"8.50619902"
"2007";"K";"BBB";"69815.92083198"
"2007";"K";"BB";"11.8515838"
"2007";"G";"AA";"39911.17192472"
"2007";"G";"AE";"37793.71594299"
"2007";"G";"AB";"37530.49670282"
"2007";"G";"AC";"263.21924017"
"2007";"G";"AD";"2117.45598173"
"2007";"G";"BCA";"23928.05254087"
"2007";"G";"B";"38197.00742272"
"2007";"G";"BP";"6.48412323"
"2007";"G";"BBB";"54860.13312947"
"2007";"G";"BB";"9.31276788"
"2007";"S";"AA";"58979.35999549"
"2007";"S";"AE";"51726.95990929"
"2007";"S";"AB";"51725.10987565"
"2007";"S";"AC";"1.85003364"
"2007";"S";"AD";"7252.4000862"
"2007";"S";"BCA";"34868.62667945"
"2007";"S";"B";"4800.051565"
"2007";"S";"BP";"0.81483153"
"2007";"S";"BBB";"7126.140673"
"2007";"S";"BB";"1.20969619"
"2007";"SD";"AA";"182822.49118859"
"2007";"SD";"AE";"173539.16504862"
"2007";"SD";"AB";"172755.25675135"
"2007";"SD";"AC";"783.90829727"
"2007";"SD";"AD";"9283.32613997"
"2007";"SD";"BCA";"150935.05285529"
"2007";"SD";"B";"201843.20559752"
"2007";"SD";"BP";"34.26384178"
"2007";"SD";"BBB";"263793.62770825"
"2007";"SD";"BB";"44.78021985"
"2008";"B";"AA";"67734.16221397"
"2008";"B";"AE";"62015.43479414"
"2008";"B";"AB";"60603.04239989"
"2008";"B";"AC";"1412.39239425"
"2008";"B";"AD";"5718.72741983"
"2008";"B";"BCA";"58953.41245429"
"2008";"B";"B";"114899.85469662"
"2008";"B";"BP";"18.70091327"
"2008";"B";"BBB";"141794.54655781"
"2008";"B";"BB";"23.07824952"
"2008";"K";"AA";"77470.99015954"
"2008";"K";"AE";"73406.08530251"
"2008";"K";"AB";"74371.38858036"
"2008";"K";"AC";"-965.30327785"
"2008";"K";"AD";"4064.90485703"
"2008";"K";"BCA";"39447.5971867"
"2008";"K";"B";"45065.28169809"
"2008";"K";"BP";"7.33475187"
"2008";"K";"BBB";"74409.38739637"
"2008";"K";"BB";"12.11075074"
"2008";"G";"AA";"41354.13970106"
"2008";"G";"AE";"41004.35604948"
"2008";"G";"AB";"40647.67424668"
"2008";"G";"AC";"356.6818028"
"2008";"G";"AD";"349.78365158"
"2008";"G";"BCA";"24503.39854436"
"2008";"G";"B";"38716.47078156"
"2008";"G";"BP";"6.30142974"
"2008";"G";"BBB";"59719.77031634"
"2008";"G";"BB";"9.71989258"
"2008";"S";"AA";"51760.69526075"
"2008";"S";"AE";"50013.90538138"
"2008";"S";"AB";"50014.13622795"
"2008";"S";"AC";"-0.23084657"
"2008";"S";"AD";"1746.78987937"
"2008";"S";"BCA";"36816.17668955"
"2008";"S";"B";"4148.40248685"
"2008";"S";"BP";"0.67518723"
"2008";"S";"BBB";"4864.11229995"
"2008";"S";"BB";"0.791675"
"2008";"SD";"AA";"195883.25271264"
"2008";"SD";"AE";"184003.04690484"
"2008";"SD";"AB";"183199.50683221"
"2008";"SD";"AC";"803.54007263"
"2008";"SD";"AD";"11880.2058078"
"2008";"SD";"BCA";"159720.5848749"
"2008";"SD";"B";"197241.02825534"
"2008";"SD";"BP";"32.1026286"
"2008";"SD";"BBB";"275198.83516269"
"2008";"SD";"BB";"44.79091432"
"2009";"B";"AA";"64601.65649388"
"2009";"B";"AE";"62415.65934421"
"2009";"B";"AB";"61194.52896322"
"2009";"B";"AC";"1221.13038099"
"2009";"B";"AD";"2185.99714967"
"2009";"B";"BCA";"56421.57650495"
"2009";"B";"B";"105907.90643177"
"2009";"B";"BP";"17.56236222"
"2009";"B";"BBB";"130862.5138202"
"2009";"B";"BB";"21.70050326"
"2009";"K";"AA";"77909.14692566"
"2009";"K";"AE";"75542.41795384"
"2009";"K";"AB";"76121.7318195"
"2009";"K";"AC";"-579.31386566"
"2009";"K";"AD";"2366.72897182"
"2009";"K";"BCA";"39515.16552762"
"2009";"K";"B";"41398.65414068"
"2009";"K";"BP";"6.8650036"
"2009";"K";"BBB";"69849.16508956"
"2009";"K";"BB";"11.58285891"
"2009";"G";"AA";"41989.19997947"
"2009";"G";"AE";"42324.43293098"
"2009";"G";"AB";"42039.84726381"
"2009";"G";"AC";"284.58566717"
"2009";"G";"AD";"-335.23295151"
"2009";"G";"BCA";"24770.5491401"
"2009";"G";"B";"38866.50692981"
"2009";"G";"BP";"6.4451059"
"2009";"G";"BBB";"59849.9503334"
"2009";"G";"BB";"9.92472179"
"2009";"S";"AA";"53211.11683286"
"2009";"S";"AE";"54427.88402265"
"2009";"S";"AB";"54422.50790928"
"2009";"S";"AC";"5.37611337"
"2009";"S";"AD";"-1216.76718979"
"2009";"S";"BCA";"38107.47379344"
"2009";"S";"B";"5617.38963115"
"2009";"S";"BP";"0.93151338"
"2009";"S";"BBB";"6056.24918402"
"2009";"S";"BB";"1.00428802"
"2009";"SD";"AA";"194361.68041661"
"2009";"SD";"AE";"191360.95443641"
"2009";"SD";"AB";"190429.17614054"
"2009";"SD";"AC";"931.77829587"
"2009";"SD";"AD";"3000.7259802"
"2009";"SD";"BCA";"158814.76496611"
"2009";"SD";"B";"184879.2160352"
"2009";"SD";"BP";"30.65791656"
"2009";"SD";"BBB";"259706.63732897"
"2009";"SD";"BB";"43.06630344"
"2010";"B";"AA";"67095.92661918"
"2010";"B";"AE";"63738.50320185"
"2010";"B";"AB";"62740.19719016"
"2010";"B";"AC";"998.30601169"
"2010";"B";"AD";"3357.42341733"
"2010";"B";"BCA";"58537.35285807"
"2010";"B";"B";"104047.18305694"
"2010";"B";"BP";"16.65967437"
"2010";"B";"BBB";"130884.93286208"
"2010";"B";"BB";"20.95684186"
"2010";"K";"AA";"79337.9955249"
"2010";"K";"AE";"77985.88573952"
"2010";"K";"AB";"78228.76202741"
"2010";"K";"AC";"-242.87628789"
"2010";"K";"AD";"1352.10978538"
"2010";"K";"BCA";"40122.11801456"
"2010";"K";"B";"40901.34320362"
"2010";"K";"BP";"6.54898133"
"2010";"K";"BBB";"68029.95839409"
"2010";"K";"BB";"10.89272118"
"2010";"G";"AA";"42294.86541776"
"2010";"G";"AE";"42924.67320301"
"2010";"G";"AB";"42583.74506732"
"2010";"G";"AC";"340.92813569"
"2010";"G";"AD";"-629.80778525"
"2010";"G";"BCA";"24754.43222541"
"2010";"G";"B";"38852.62050695"
"2010";"G";"BP";"6.22094695"
"2010";"G";"BBB";"60948.9017511"
"2010";"G";"BB";"9.75892693"
"2010";"S";"AA";"53597.37656523"
"2010";"S";"AE";"55466.73830621"
"2010";"S";"AB";"55470.96883406"
"2010";"S";"AC";"-4.23052785"
"2010";"S";"AD";"-1869.36174098"
"2010";"S";"BCA";"38275.36673357"
"2010";"S";"B";"7417.03537259"
"2010";"S";"BP";"1.18759"
"2010";"S";"BBB";"7634.34484382"
"2010";"S";"BB";"1.22238484"
"2010";"SD";"AA";"198390.02327466"
"2010";"SD";"AE";"196179.65959816"
"2010";"SD";"AB";"195087.53226652"
"2010";"SD";"AC";"1092.12733164"
"2010";"SD";"AD";"2210.3636765"
"2010";"SD";"BCA";"161689.26983161"
"2010";"SD";"B";"182414.07387361"
"2010";"SD";"BP";"29.20750935"
"2010";"SD";"BBB";"258694.0295846"
"2010";"SD";"BB";"41.4211915"
"2011";"B";"AA";"67671.02409804"
"2011";"B";"AE";"67502.79276362"
"2011";"B";"AB";"66183.71523195"
"2011";"B";"AC";"1319.07753167"
"2011";"B";"AD";"168.23133442"
"2011";"B";"BCA";"59320.35291419"
"2011";"B";"B";"104200.04331099"
"2011";"B";"BP";"16.39038744"
"2011";"B";"BBB";"134758.79865168"
"2011";"B";"BB";"21.19719773"
"2011";"K";"AA";"81550.56881553"
"2011";"K";"AE";"80216.57655593"
"2011";"K";"AB";"80313.10053357"
"2011";"K";"AC";"-96.52397764"
"2011";"K";"AD";"1333.9922596"
"2011";"K";"BCA";"41227.29246006"
"2011";"K";"B";"39384.87578174"
"2011";"K";"BP";"6.19513537"
"2011";"K";"BBB";"69780.36881925"
"2011";"K";"BB";"10.97626493"
"2011";"G";"AA";"43361.25748103"
"2011";"G";"AE";"43505.36563777"
"2011";"G";"AB";"43571.24026016"
"2011";"G";"AC";"-65.87462239"
"2011";"G";"AD";"-144.10815674"
"2011";"G";"BCA";"25410.95463233"
"2011";"G";"B";"39318.86851122"
"2011";"G";"BP";"6.1847526"
"2011";"G";"BBB";"63184.04139602"
"2011";"G";"BB";"9.93868031"
"2011";"S";"AA";"58285.6570691"
"2011";"S";"AE";"55299.06957113"
"2011";"S";"AB";"55303.8112331"
"2011";"S";"AC";"-4.74166197"
"2011";"S";"AD";"2986.58749797"
"2011";"S";"BCA";"40904.55401433"
"2011";"S";"B";"6029.63272796"
"2011";"S";"BP";"0.94844506"
"2011";"S";"BBB";"6176.41245178"
"2011";"S";"BB";"0.97153312"
"2011";"SD";"AA";"204224.89887049"
"2011";"SD";"AE";"199880.19593525"
"2011";"SD";"AB";"198728.25866558"
"2011";"SD";"AC";"1151.93726967"
"2011";"SD";"AD";"4344.70293524"
"2011";"SD";"BCA";"166863.15402091"
"2011";"SD";"B";"181288.38059229"
"2011";"SD";"BP";"28.51617622"
"2011";"SD";"BBB";"266254.58157911"
"2011";"SD";"BB";"41.88113183"
"2012";"B";"AA";"67109.24505263"
"2012";"B";"AE";"66677.52871704"
"2012";"B";"AB";"65529.01219929"
"2012";"B";"AC";"1148.51651775"
"2012";"B";"AD";"431.71633559"
"2012";"B";"BCA";"59073.38422704"
"2012";"B";"B";"105412.34456404"
"2012";"B";"BP";"16.37738941"
"2012";"B";"BBB";"137131.95181434"
"2012";"B";"BB";"21.30550634"
"2012";"K";"AA";"82665.41546335"
"2012";"K";"AE";"83617.50224152"
"2012";"K";"AB";"83411.09972101"
"2012";"K";"AC";"206.40252051"
"2012";"K";"AD";"-952.08677817"
"2012";"K";"BCA";"42036.72803371"
"2012";"K";"B";"42954.09212134"
"2012";"K";"BP";"6.67356273"
"2012";"K";"BBB";"73138.0813521"
"2012";"K";"BB";"11.36309836"
"2012";"G";"AA";"43453.58491785"
"2012";"G";"AE";"44307.27263476"
"2012";"G";"AB";"43954.72035522"
"2012";"G";"AC";"352.55227954"
"2012";"G";"AD";"-853.68771691"
"2012";"G";"BCA";"25510.2054952"
"2012";"G";"B";"39902.54181682"
"2012";"G";"BP";"6.1994586"
"2012";"G";"BBB";"63855.56689165"
"2012";"G";"BB";"9.92092045"
"2012";"S";"AA";"59198.16764401"
"2012";"S";"AE";"56310.04533928"
"2012";"S";"AB";"56311.10714264"
"2012";"S";"AC";"-1.06180336"
"2012";"S";"AD";"2888.12230473"
"2012";"S";"BCA";"41804.49419006"
"2012";"S";"B";"6249.60340928"
"2012";"S";"BP";"0.97096966"
"2012";"S";"BBB";"6415.24895503"
"2012";"S";"BB";"0.99670518"
"2012";"SD";"AA";"205265.84943974"
"2012";"SD";"AE";"203751.78529451"
"2012";"SD";"AB";"202045.37578007"
"2012";"SD";"AC";"1706.40951444"
"2012";"SD";"AD";"1514.06414523"
"2012";"SD";"BCA";"168424.81194601"
"2012";"SD";"B";"188024.55015422"
"2012";"SD";"BP";"29.21243513"
"2012";"SD";"BBB";"274046.81725586"
"2012";"SD";"BB";"42.57728506"
"2013";"B";"AA";"69180.35024783"
"2013";"B";"AE";"68248.46197971"
"2013";"B";"AB";"67102.45484538"
"2013";"B";"AC";"1146.00713433"
"2013";"B";"AD";"931.88826812"
"2013";"B";"BCA";"60660.36639248"
"2013";"B";"B";"104849.69958994"
"2013";"B";"BP";"16.0170838"
"2013";"B";"BBB";"132948.8231409"
"2013";"B";"BB";"20.30957122"
"2013";"K";"AA";"84210.2171682"
"2013";"K";"AE";"88639.53563873"
"2013";"K";"AB";"89095.11016551"
"2013";"K";"AC";"-455.57452678"
"2013";"K";"AD";"-4429.31847053"
"2013";"K";"BCA";"42731.23699524"
"2013";"K";"B";"45661.8691919"
"2013";"K";"BP";"6.97541327"
"2013";"K";"BBB";"77494.42559686"
"2013";"K";"BB";"11.83822857"
"2013";"G";"AA";"44023.02235677"
"2013";"G";"AE";"45400.50018196"
"2013";"G";"AB";"44750.2951075"
"2013";"G";"AC";"650.20507446"
"2013";"G";"AD";"-1377.47782519"
"2013";"G";"BCA";"26185.30676776"
"2013";"G";"B";"41541.24259983"
"2013";"G";"BP";"6.34593677"
"2013";"G";"BBB";"65201.511528"
"2013";"G";"BB";"9.96033444"
"2013";"S";"AA";"60521.85083643"
"2013";"S";"AE";"58478.5731269"
"2013";"S";"AB";"58480.90786989"
"2013";"S";"AC";"-2.33474299"
"2013";"S";"AD";"2043.27770953"
"2013";"S";"BCA";"42718.13210778"
"2013";"S";"B";"4417.93790661"
"2013";"S";"BP";"0.67489446"
"2013";"S";"BBB";"4852.73111433"
"2013";"S";"BB";"0.74131448"
"2013";"SD";"AA";"210275.85124014"
"2013";"SD";"AE";"213107.48155821"
"2013";"SD";"AB";"211769.17861919"
"2013";"SD";"AC";"1338.30293902"
"2013";"SD";"AD";"-2831.63031807"
"2013";"SD";"BCA";"172295.04226326"
"2013";"SD";"B";"190766.66671643"
"2013";"SD";"BP";"29.14195939"
"2013";"SD";"BBB";"274793.40880824"
"2013";"SD";"BB";"41.9780798"
"2014";"B";"AA";"68607.10821883"
"2014";"B";"AE";"68626.72073337"
"2014";"B";"AB";"67677.38417864"
"2014";"B";"AC";"949.33655473"
"2014";"B";"AD";"-19.61251454"
"2014";"B";"BCA";"60546.22227391"
"2014";"B";"B";"102531.89637348"
"2014";"B";"BP";"15.40400631"
"2014";"B";"BBB";"136856.15319745"
"2014";"B";"BB";"20.5607535"
"2014";"K";"AA";"85649.38605484"
"2014";"K";"AE";"87713.31989413"
"2014";"K";"AB";"88125.57805799"
"2014";"K";"AC";"-412.25816386"
"2014";"K";"AD";"-2063.93383929"
"2014";"K";"BCA";"43811.01086426"
"2014";"K";"B";"50886.41710117"
"2014";"K";"BP";"7.64498383"
"2014";"K";"BBB";"79018.43227304"
"2014";"K";"BB";"11.87143194"
"2014";"G";"AA";"45001.83915895"
"2014";"G";"AE";"46739.39790022"
"2014";"G";"AB";"45873.23564052"
"2014";"G";"AC";"866.1622597"
"2014";"G";"AD";"-1737.55874127"
"2014";"G";"BCA";"26927.20720019"
"2014";"G";"B";"42708.3324443"
"2014";"G";"BP";"6.41633916"
"2014";"G";"BBB";"64615.72693449"
"2014";"G";"BB";"9.70762368"
"2014";"S";"AA";"61818.32009472"
"2014";"S";"AE";"59642.01708844"
"2014";"S";"AB";"59644.3371699"
"2014";"S";"AC";"-2.32008146"
"2014";"S";"AD";"2176.30300628"
"2014";"S";"BCA";"43387.99802192"
"2014";"S";"B";"3712.50841891"
"2014";"S";"BP";"0.5577533"
"2014";"S";"BBB";"4285.28619261"
"2014";"S";"BB";"0.64380527"
"2014";"SD";"AA";"212553.67274602"
"2014";"SD";"AE";"214198.47483484"
"2014";"SD";"AB";"212797.55426573"
"2014";"SD";"AC";"1400.92056911"
"2014";"SD";"AD";"-1644.80208882"
"2014";"SD";"BCA";"174672.43836028"
"2014";"SD";"B";"195128.59911519"
"2014";"SD";"BP";"29.3153865"
"2014";"SD";"BBB";"280065.04337492"
"2014";"SD";"BB";"42.07591829"
"2015";"B";"AA";"72851.16740235"
"2015";"B";"AE";"70684.64213546"
"2015";"B";"AB";"69609.16051247"
"2015";"B";"AC";"1075.48162299"
"2015";"B";"AD";"2166.52526689"
"2015";"B";"BCA";"63895.73952715"
"2015";"B";"B";"98206.95149701"
"2015";"B";"BP";"14.701499"
"2015";"B";"BBB";"136536.48440019"
"2015";"B";"BB";"20.43939821"
"2015";"K";"AA";"89106.62147854"
"2015";"K";"AE";"88642.70184395"
"2015";"K";"AB";"89060.85618352"
"2015";"K";"AC";"-418.15433957"
"2015";"K";"AD";"463.91963459"
"2015";"K";"BCA";"44709.70191293"
"2015";"K";"B";"51599.83086313"
"2015";"K";"BP";"7.72445178"
"2015";"K";"BBB";"80115.40903973"
"2015";"K";"BB";"11.99321013"
"2015";"G";"AA";"46068.41359951"
"2015";"G";"AE";"46697.26848171"
"2015";"G";"AB";"45600.58389137"
"2015";"G";"AC";"1096.68459034"
"2015";"G";"AD";"-628.8548822"
"2015";"G";"BCA";"27672.29461882"
"2015";"G";"B";"43889.56326264"
"2015";"G";"BP";"6.57023113"
"2015";"G";"BBB";"65618.53861326"
"2015";"G";"BB";"9.82304068"
"2015";"S";"AA";"62167.31582918"
"2015";"S";"AE";"60524.82525413"
"2015";"S";"AB";"60527.94807818"
"2015";"S";"AC";"-3.12282405"
"2015";"S";"AD";"1642.49057505"
"2015";"S";"BCA";"44129.47899225"
"2015";"S";"B";"2639.82845878"
"2015";"S";"BP";"0.39518013"
"2015";"S";"BBB";"3124.03510598"
"2015";"S";"BB";"0.46766546"
"2015";"SD";"AA";"220501.70529712"
"2015";"SD";"AE";"216857.62470279"
"2015";"SD";"AB";"215106.73565308"
"2015";"SD";"AC";"1750.88904971"
"2015";"SD";"AD";"3644.08059433"
"2015";"SD";"BCA";"180407.21505115"
"2015";"SD";"B";"192447.96528793"
"2015";"SD";"BP";"28.80930041"
"2015";"SD";"BBB";"281506.25836553"
"2015";"SD";"BB";"42.14125285"
"2016";"B";"AA";"72537.97663737"
"2016";"B";"AE";"72165.78487215"
"2016";"B";"AB";"71009.67970885"
"2016";"B";"AC";"1156.1051633"
"2016";"B";"AD";"372.19176522"
"2016";"B";"BCA";"63805.8714989"
"2016";"B";"B";"92889.88985811"
"2016";"B";"BP";"13.70363925"
"2016";"B";"BBB";"131552.3016959"
"2016";"B";"BB";"19.4073358"
"2016";"K";"AA";"90197.64327028"
"2016";"K";"AE";"89361.84973324"
"2016";"K";"AB";"89780.12218066"
"2016";"K";"AC";"-418.27244742"
"2016";"K";"AD";"835.79353704"
"2016";"K";"BCA";"45937.24474424"
"2016";"K";"B";"52631.12955646"
"2016";"K";"BP";"7.76444039"
"2016";"K";"BBB";"82768.35254091"
"2016";"K";"BB";"12.21045311"
"2016";"G";"AA";"46851.60454126"
"2016";"G";"AE";"47188.51411778"
"2016";"G";"AB";"46300.35556002"
"2016";"G";"AC";"888.15855776"
"2016";"G";"AD";"-336.90957652"
"2016";"G";"BCA";"28617.33513916"
"2016";"G";"B";"43603.52899338"
"2016";"G";"BP";"6.43263796"
"2016";"G";"BBB";"63901.31058352"
"2016";"G";"BB";"9.42708091"
"2016";"S";"AA";"62744.1625229"
"2016";"S";"AE";"61999.88491689"
"2016";"S";"AB";"62003.05952888"
"2016";"S";"AC";"-3.17461199"
"2016";"S";"AD";"744.27760601"
"2016";"S";"BCA";"44627.53856591"
"2016";"S";"B";"2556.43961684"
"2016";"S";"BP";"0.37714036"
"2016";"S";"BBB";"3069.27428629"
"2016";"S";"BB";"0.45279661"
"2016";"SD";"AA";"221451.3509506"
"2016";"SD";"AE";"219835.99761885"
"2016";"SD";"AB";"218213.1809572"
"2016";"SD";"AC";"1622.81666165"
"2016";"SD";"AD";"1615.35333175"
"2016";"SD";"BCA";"182987.98994821"
"2016";"SD";"B";"187807.28927759"
"2016";"SD";"BP";"27.70638811"
"2016";"SD";"BBB";"277417.54035942"
"2016";"SD";"BB";"40.92619659"
"2017";"B";"AA";"78079.94893879"
"2017";"B";"AE";"72891.50123452"
"2017";"B";"AB";"71681.60733766"
"2017";"B";"AC";"1209.89389686"
"2017";"B";"AD";"5188.44770427"
"2017";"B";"BCA";"68936.45469447"
"2017";"B";"B";"97076.32222876"
"2017";"B";"BP";"14.18086648"
"2017";"B";"BBB";"139310.39036232"
"2017";"B";"BB";"20.35040058"
"2017";"K";"AA";"92404.37954363"
"2017";"K";"AE";"90139.46264316"
"2017";"K";"AB";"90604.21541721"
"2017";"K";"AC";"-464.75277405"
"2017";"K";"AD";"2264.91690047"
"2017";"K";"BCA";"46789.0473005"
"2017";"K";"B";"51997.44112926"
"2017";"K";"BP";"7.59576334"
"2017";"K";"BBB";"82271.00755915"
"2017";"K";"BB";"12.01811262"
"2017";"G";"AA";"47958.18964989"
"2017";"G";"AE";"48558.51162029"
"2017";"G";"AB";"46933.49273812"
"2017";"G";"AC";"1625.01888217"
"2017";"G";"AD";"-600.3219704"
"2017";"G";"BCA";"29277.00940011"
"2017";"G";"B";"44424.73142538"
"2017";"G";"BP";"6.48954524"
"2017";"G";"BBB";"65268.84986978"
"2017";"G";"BB";"9.5344449"
"2017";"S";"AA";"63523.37950337"
"2017";"S";"AE";"62637.64698991"
"2017";"S";"AB";"62640.29365592"
"2017";"S";"AC";"-2.64666601"
"2017";"S";"AD";"885.73251346"
"2017";"S";"BCA";"45112.52149838"
"2017";"S";"B";"2210.37513461"
"2017";"S";"BP";"0.32289063"
"2017";"S";"BBB";"2732.80098416"
"2017";"S";"BB";"0.39920637"
"2017";"SD";"AA";"229900.91493096"
"2017";"SD";"AE";"222162.13978317"
"2017";"SD";"AB";"219794.6264442"
"2017";"SD";"AC";"2367.51333897"
"2017";"SD";"AD";"7738.77514779"
"2017";"SD";"BCA";"190115.03289346"
"2017";"SD";"B";"192077.01831146"
"2017";"SD";"BP";"28.0585264"
"2017";"SD";"BBB";"285951.19716886"
"2017";"SD";"BB";"41.77162518"
"2018";"B";"AA";"78365.57621866"
"2018";"B";"AE";"73047.95990315"
"2018";"B";"AB";"71519.06620347"
"2018";"B";"AC";"1528.89369968"
"2018";"B";"AD";"5317.61631551"
"2018";"B";"BCA";"68818.26547699"
"2018";"B";"B";"90980.88964394"
"2018";"B";"BP";"12.82285067"
"2018";"B";"BBB";"133095.31012904"
"2018";"B";"BB";"18.75845898"
"2018";"K";"AA";"95446.50334618"
"2018";"K";"AE";"92629.73032912"
"2018";"K";"AB";"92529.94683707"
"2018";"K";"AC";"99.78349205"
"2018";"K";"AD";"2816.77301706"
"2018";"K";"BCA";"48354.38716545"
"2018";"K";"B";"51046.70828464"
"2018";"K";"BP";"7.19452536"
"2018";"K";"BBB";"84901.34907085"
"2018";"K";"BB";"11.96599995"
"2018";"G";"AA";"48981.93057745"
"2018";"G";"AE";"48762.80524469"
"2018";"G";"AB";"47506.70320729"
"2018";"G";"AC";"1256.1020374"
"2018";"G";"AD";"219.12533276"
"2018";"G";"BCA";"30119.82243238"
"2018";"G";"B";"44595.89265642"
"2018";"G";"BP";"6.28534711"
"2018";"G";"BBB";"65211.44277363"
"2018";"G";"BB";"9.19090367"
"2018";"S";"AA";"63644.89887929"
"2018";"S";"AE";"62842.82031831"
"2018";"S";"AB";"62845.18698143"
"2018";"S";"AC";"-2.36666312"
"2018";"S";"AD";"802.07856098"
"2018";"S";"BCA";"45943.30317487"
"2018";"S";"B";"1167.87264819"
"2018";"S";"BP";"0.16460002"
"2018";"S";"BBB";"1540.22010923"
"2018";"S";"BB";"0.21707869"
"2018";"SD";"AA";"234455.85484364"
"2018";"SD";"AE";"225300.26161733"
"2018";"SD";"AB";"222417.84905132"
"2018";"SD";"AC";"2882.41256601"
"2018";"SD";"AD";"9155.59322631"
"2018";"SD";"BCA";"193235.77824969"
"2018";"SD";"B";"185450.21478299"
"2018";"SD";"BP";"26.13736159"
"2018";"SD";"BBB";"282407.17363255"
"2018";"SD";"BB";"39.80247972"
"2019";"B";"AA";"80287.6139791"
"2019";"B";"AE";"74330.90651432"
"2019";"B";"AB";"72592.97066348"
"2019";"B";"AC";"1737.93585084"
"2019";"B";"AD";"5956.70746478"
"2019";"B";"BCA";"71085.42807633"
"2019";"B";"B";"88012.9618348"
"2019";"B";"BP";"12.27724793"
"2019";"B";"BBB";"136764.37785609"
"2019";"B";"BB";"19.07776014"
"2019";"K";"AA";"97238.56624374"
"2019";"K";"AE";"93754.47867768"
"2019";"K";"AB";"93612.25063072"
"2019";"K";"AC";"142.22804696"
"2019";"K";"AD";"3484.08756606"
"2019";"K";"BCA";"49851.08816225"
"2019";"K";"B";"51429.49908708"
"2019";"K";"BP";"7.17408775"
"2019";"K";"BBB";"87075.33589173"
"2019";"K";"BB";"12.14645508"
"2019";"G";"AA";"49328.31937924"
"2019";"G";"AE";"49910.31229029"
"2019";"G";"AB";"48413.60896008"
"2019";"G";"AC";"1496.70333021"
"2019";"G";"AD";"-581.99291105"
"2019";"G";"BCA";"30668.57255847"
"2019";"G";"B";"45249.26884358"
"2019";"G";"BP";"6.31198497"
"2019";"G";"BBB";"61575.03477955"
"2019";"G";"BB";"8.5893254"
"2019";"S";"AA";"64768.32019183"
"2019";"S";"AE";"64013.02092887"
"2019";"S";"AB";"64014.20305578"
"2019";"S";"AC";"-1.18212691"
"2019";"S";"AD";"755.29926296"
"2019";"S";"BCA";"47078.69168007"
"2019";"S";"B";"278.88377339"
"2019";"S";"BP";"0.03890251"
"2019";"S";"BBB";"737.03498293"
"2019";"S";"BB";"0.10281169"
"2019";"SD";"AA";"238913.0991093"
"2019";"SD";"AE";"229298.99772655"
"2019";"SD";"AB";"225923.31262545"
"2019";"SD";"AC";"3375.6851011"
"2019";"SD";"AD";"9614.10138275"
"2019";"SD";"BCA";"198683.78047712"
"2019";"SD";"B";"183191.33209828"
"2019";"SD";"BP";"25.55402473"
"2019";"SD";"BBB";"284372.50206973"
"2019";"SD";"BB";"39.66815387"
"2020";"B";"AA";"74940.37492039"
"2020";"B";"AE";"91660.68254523"
"2020";"B";"AB";"89364.93104797"
"2020";"B";"AC";"2295.75149726"
"2020";"B";"AD";"-16720.30762484"
"2020";"B";"BCA";"65224.54654583"
"2020";"B";"B";"96405.17659958"
"2020";"B";"BP";"13.83899146"
"2020";"B";"BBB";"145647.56113224"
"2020";"B";"BB";"20.90775025"
"2020";"K";"AA";"100409.54308772"
"2020";"K";"AE";"104137.78001848"
"2020";"K";"AB";"103842.46001269"
"2020";"K";"AC";"295.32000579"
"2020";"K";"AD";"-3728.23693076"
"2020";"K";"BCA";"50261.1205897"
"2020";"K";"B";"56864.1678584"
"2020";"K";"BP";"8.16286802"
"2020";"K";"BBB";"92782.14093013"
"2020";"K";"BB";"13.31890363"
"2020";"G";"AA";"49505.78369067"
"2020";"G";"AE";"50792.12848803"
"2020";"G";"AB";"49224.52586159"
"2020";"G";"AC";"1567.60262644"
"2020";"G";"AD";"-1286.34479736"
"2020";"G";"BCA";"30845.15568034"
"2020";"G";"B";"46103.77261221"
"2020";"G";"BP";"6.61821012"
"2020";"G";"BBB";"63157.16137231"
"2020";"G";"BB";"9.06622909"
"2020";"S";"AA";"77558.03559745"
"2020";"S";"AE";"77133.88872493"
"2020";"S";"AB";"77134.0024576"
"2020";"S";"AC";"-0.11373267"
"2020";"S";"AD";"424.14687252"
"2020";"S";"BCA";"48917.25211572"
"2020";"S";"B";"304.34294034"
"2020";"S";"BP";"0.04368852"
"2020";"S";"BBB";"2510.6090133"
"2020";"S";"BB";"0.36039866"
"2020";"SD";"AA";"236562.0282526"
"2020";"SD";"AE";"257872.77073302"
"2020";"SD";"AB";"253714.2103362"
"2020";"SD";"AC";"4158.56039682"
"2020";"SD";"AD";"-21310.74248042"
"2020";"SD";"BCA";"195248.07493159"
"2020";"SD";"B";"196526.09987034"
"2020";"SD";"BP";"28.21137945"
"2020";"SD";"BBB";"300946.11230779"
"2020";"SD";"BB";"43.20090295"
"2021";"B";"AA";"85993.64610257"
"2021";"B";"AE";"92744.79888972"
"2021";"B";"AB";"90690.71378841"
"2021";"B";"AC";"2054.08510131"
"2021";"B";"AD";"-6751.15278715"
"2021";"B";"BCA";"75115.149857"
"2021";"B";"B";"100467.54173027"
"2021";"B";"BP";"13.5158692"
"2021";"B";"BBB";"149131.80980881"
"2021";"B";"BB";"20.06265904"
"2021";"K";"AA";"108450.12949703"
"2021";"K";"AE";"105520.52075618"
"2021";"K";"AB";"105273.04262806"
"2021";"K";"AC";"247.47812812"
"2021";"K";"AD";"2929.60874085"
"2021";"K";"BCA";"51352.24488444"
"2021";"K";"B";"55908.56782302"
"2021";"K";"BP";"7.52136338"
"2021";"K";"BBB";"92784.15271829"
"2021";"K";"BB";"12.4822251"
"2021";"G";"AA";"51397.49705007"
"2021";"G";"AE";"51602.99894211"
"2021";"G";"AB";"50436.27816315"
"2021";"G";"AC";"1166.72077896"
"2021";"G";"AD";"-205.50189204"
"2021";"G";"BCA";"31990.61272392"
"2021";"G";"B";"46280.98295809"
"2021";"G";"BP";"6.22616719"
"2021";"G";"BBB";"63451.20291578"
"2021";"G";"BB";"8.53607189"
"2021";"S";"AA";"74477.83792672"
"2021";"S";"AE";"72778.7729046"
"2021";"S";"AB";"72779.69935276"
"2021";"S";"AC";"-0.92644816"
"2021";"S";"AD";"1699.06502212"
"2021";"S";"BCA";"50496.10934882"
"2021";"S";"B";"306.96321862"
"2021";"S";"BP";"0.04129567"
"2021";"S";"BBB";"1138.01216495"
"2021";"S";"BB";"0.15309645"
"2021";"SD";"AA";"254301.36518058"
"2021";"SD";"AE";"256629.34609681"
"2021";"SD";"AB";"253161.98853658"
"2021";"SD";"AC";"3467.35756023"
"2021";"SD";"AD";"-2327.98091623"
"2021";"SD";"BCA";"208954.11681418"
"2021";"SD";"B";"201128.02755899"
"2021";"SD";"BP";"27.05769511"
"2021";"SD";"BBB";"304669.14943682"
"2021";"SD";"BB";"40.98705215"
"2022";"B";"AA";"82880.52321063"
"2022";"B";"AE";"83522.72968108"
"2022";"B";"AB";"81082.66873831"
"2022";"B";"AC";"2440.06094277"
"2022";"B";"AD";"-642.20647045"
"2022";"B";"BCA";"71224.80825152"
"2022";"B";"B";"109560.97471087"
"2022";"B";"BP";"14.02003134"
"2022";"B";"BBB";"141365.61436271"
"2022";"B";"BB";"18.08992983"
"2022";"K";"AA";"109540.16901232"
"2022";"K";"AE";"104341.64720011"
"2022";"K";"AB";"104375.79616926"
"2022";"K";"AC";"-34.14896915"
"2022";"K";"AD";"5198.52181221"
"2022";"K";"BCA";"54084.67842265"
"2022";"K";"B";"51731.71445886"
"2022";"K";"BP";"6.61987775"
"2022";"K";"BBB";"87356.85314947"
"2022";"K";"BB";"11.17866852"
"2022";"G";"AA";"52747.69657181"
"2022";"G";"AE";"52873.36632379"
"2022";"G";"AB";"51660.68808417"
"2022";"G";"AC";"1212.67823962"
"2022";"G";"AD";"-125.66975198"
"2022";"G";"BCA";"33182.72031694"
"2022";"G";"B";"46415.07092563"
"2022";"G";"BP";"5.93953048"
"2022";"G";"BBB";"62728.99636836"
"2022";"G";"BB";"8.02715107"
"2022";"S";"AA";"72577.3395825"
"2022";"S";"AE";"67630.91391246"
"2022";"S";"AB";"67631.68322089"
"2022";"S";"AC";"-0.76930843"
"2022";"S";"AD";"4946.42567004"
"2022";"S";"BCA";"52165.23960761"
"2022";"S";"B";"339.46311183"
"2022";"S";"BP";"0.04343959"
"2022";"S";"BBB";"764.60011231"
"2022";"S";"BB";"0.09784248"
"2022";"SD";"AA";"257356.49197573"
"2022";"SD";"AE";"247979.42071597"
"2022";"SD";"AB";"244361.59981117"
"2022";"SD";"AC";"3617.82090481"
"2022";"SD";"AD";"9377.07125976"
"2022";"SD";"BCA";"210657.44659872"
"2022";"SD";"B";"204378.21876061"
"2022";"SD";"BP";"26.15337296"
"2022";"SD";"BBB";"288547.05954627"
"2022";"SD";"BB";"36.9240857"
"2023";"B";"AA";"85805.07093806"
"2023";"B";"AE";"87231.92180463"
"2023";"B";"AB";
"2023";"B";"AC";
"2023";"B";"AD";"-1426.85086657"
"2023";"B";"BCA";"75220.93012908"
"2023";"B";"B";"111049.54538465"
"2023";"B";"BP";"13.92060405"
"2023";"B";"BBB";"142812.40182755"
"2023";"B";"BB";"17.90223357"
"2023";"K";"AA";"111142.13765236"
"2023";"K";"AE";"107656.41064342"
"2023";"K";"AB";
"2023";"K";"AC";
"2023";"K";"AD";"3485.72700894"
"2023";"K";"BCA";"57133.60375231"
"2023";"K";"B";"52167.2058239"
"2023";"K";"BP";"6.53941459"
"2023";"K";"BBB";"87787.089822"
"2023";"K";"BB";"11.00454139"
"2023";"G";"AA";"53795.31071139"
"2023";"G";"AE";"54403.70664509"
"2023";"G";"AB";
"2023";"G";"AC";
"2023";"G";"AD";"-608.3959337"
"2023";"G";"BCA";"33917.017946"
"2023";"G";"B";"47305.74821649"
"2023";"G";"BP";"5.93000708"
"2023";"G";"BBB";"63634.75913783"
"2023";"G";"BB";"7.97692852"
"2023";"S";"AA";"74205.51319164"
"2023";"S";"AE";"69262.20950556"
"2023";"S";"AB";
"2023";"S";"AC";
"2023";"S";"AD";"4943.30368607"
"2023";"S";"BCA";"54041.27042947"
"2023";"S";"B";"143.46152281"
"2023";"S";"BP";"0.0179836"
"2023";"S";"BBB";"613.82002275"
"2023";"S";"BB";"0.07694534"
"2023";"SD";"AA";"261642.97009171"
"2023";"SD";"AE";"255249.18619697"
"2023";"SD";"AB";
"2023";"SD";"AC";
"2023";"SD";"AD";"6393.78389474"
"2023";"SD";"BCA";"220312.82225686"
"2023";"SD";"B";"207750.24643734"
"2023";"SD";"BP";"26.04251024"
"2023";"SD";"BBB";"291932.3562996"
"2023";"SD";"BB";"36.59514974"
"2024";"B";"AA";"87802.94790833"
"2024";"B";"AE";"89677.76989996"
"2024";"B";"AB";
"2024";"B";"AC";
"2024";"B";"AD";"-1874.82199163"
"2024";"B";"BCA";"77981.21149478"
"2024";"B";"B";"112520.55568554"
"2024";"B";"BP";"13.66757101"
"2024";"B";"BBB";"144233.26561767"
"2024";"B";"BB";"17.51962909"
"2024";"K";"AA";"113002.65421999"
"2024";"K";"AE";"108971.78159447"
"2024";"K";"AB";
"2024";"K";"AC";
"2024";"K";"AD";"4030.87262552"
"2024";"K";"BCA";"57693.9799089"
"2024";"K";"B";"51132.57466561"
"2024";"K";"BP";"6.21093711"
"2024";"K";"BBB";"85912.00256795"
"2024";"K";"BB";"10.43550122"
"2024";"G";"AA";"54605.68179566"
"2024";"G";"AE";"55108.38688912"
"2024";"G";"AB";
"2024";"G";"AC";
"2024";"G";"AD";"-502.70509345"
"2024";"G";"BCA";"34466.83006886"
"2024";"G";"B";"48096.21133064"
"2024";"G";"BP";"5.84211818"
"2024";"G";"BBB";"64416.23420238"
"2024";"G";"BB";"7.82446772"
"2024";"S";"AA";"76549.07795534"
"2024";"S";"AE";"70508.11372844"
"2024";"S";"AB";
"2024";"S";"AC";
"2024";"S";"AD";"6040.9642269"
"2024";"S";"BCA";"55061.13011539"
"2024";"S";"B";"143.46152281"
"2024";"S";"BP";"0.01742589"
"2024";"S";"BBB";"492.77395368"
"2024";"S";"BB";"0.05985593"
"2024";"SD";"AA";"266867.21030539"
"2024";"SD";"AE";"259172.90053806"
"2024";"SD";"AB";
"2024";"SD";"AC";
"2024";"SD";"AD";"7694.30976734"
"2024";"SD";"BCA";"225203.15158792"
"2024";"SD";"B";"209549.47729647"
"2024";"SD";"BP";"25.45341466"
"2024";"SD";"BBB";"292710.95043356"
"2024";"SD";"BB";"35.55481643"
"2025";"B";"AA";"89816.6866223"
"2025";"B";"AE";"90811.08690822"
"2025";"B";"AB";
"2025";"B";"AC";
"2025";"B";"AD";"-994.40028592"
"2025";"B";"BCA";"80065.15520604"
"2025";"B";"B";"112597.27521968"
"2025";"B";"BP";"13.30408771"
"2025";"B";"BBB";"144149.23881982"
"2025";"B";"BB";"17.03215387"
"2025";"K";"AA";"114019.01608121"
"2025";"K";"AE";"110682.40705216"
"2025";"K";"AB";
"2025";"K";"AC";
"2025";"K";"AD";"3336.60902905"
"2025";"K";"BCA";"58729.22186633"
"2025";"K";"B";"50459.68321653"
"2025";"K";"BP";"5.96213408"
"2025";"K";"BBB";"84610.36645395"
"2025";"K";"BB";"9.99725557"
"2025";"G";"AA";"55553.54646544"
"2025";"G";"AE";"56034.26430835"
"2025";"G";"AB";
"2025";"G";"AC";
"2025";"G";"AD";"-480.71784291"
"2025";"G";"BCA";"35123.12413602"
"2025";"G";"B";"48858.55053381"
"2025";"G";"BP";"5.77295002"
"2025";"G";"BBB";"65159.11656945"
"2025";"G";"BB";"7.69896608"
"2025";"S";"AA";"78269.13408036"
"2025";"S";"AE";"73814.78197845"
"2025";"S";"AB";
"2025";"S";"AC";
"2025";"S";"AD";"4454.35210191"
"2025";"S";"BCA";"55879.31239702"
"2025";"S";"B";"143.46152281"
"2025";"S";"BP";"0.0169509"
"2025";"S";"BBB";"395.59831942"
"2025";"S";"BB";"0.04674247"
"2025";"SD";"AA";"271898.64298126"
"2025";"SD";"AE";"265582.79997912"
"2025";"SD";"AB";
"2025";"SD";"AC";
"2025";"SD";"AD";"6315.84300214"
"2025";"SD";"BCA";"229796.81360541"
"2025";"SD";"B";"210175.15744545"
"2025";"SD";"BP";"24.83353815"
"2025";"SD";"BBB";"292430.50711526"
"2025";"SD";"BB";"34.55253343"
"2026";"B";"AA";"93844.05283709"
"2026";"B";"AE";"93964.67540223"
"2026";"B";"AB";
"2026";"B";"AC";
"2026";"B";"AD";"-120.62256514"
"2026";"B";"BCA";"83943.67228043"
"2026";"B";"B";"111058.7928285"
"2026";"B";"BP";"12.79396789"
"2026";"B";"BBB";"142331.94973008"
"2026";"B";"BB";"16.39663414"
"2026";"K";"AA";"117372.70413024"
"2026";"K";"AE";"112603.571782"
"2026";"K";"AB";
"2026";"K";"AC";
"2026";"K";"AD";"4769.13234824"
"2026";"K";"BCA";"59883.27776376"
"2026";"K";"B";"49556.99562539"
"2026";"K";"BP";"5.70896364"
"2026";"K";"BBB";"82956.14057871"
"2026";"K";"BB";"9.55654363"
"2026";"G";"AA";"56478.36227381"
"2026";"G";"AE";"56828.61648187"
"2026";"G";"AB";
"2026";"G";"AC";
"2026";"G";"AD";"-350.25420806"
"2026";"G";"BCA";"35761.10083935"
"2026";"G";"B";"49499.33982841"
"2026";"G";"BP";"5.7023217"
"2026";"G";"BBB";"65755.4242401"
"2026";"G";"BB";"7.57502189"
"2026";"S";"AA";"79383.14856176"
"2026";"S";"AE";"74429.23942179"
"2026";"S";"AB";
"2026";"S";"AC";
"2026";"S";"AD";"4953.90913997"
"2026";"S";"BCA";"56724.68816482"
"2026";"S";"B";"143.46152281"
"2026";"S";"BP";"0.01652676"
"2026";"S";"BBB";"317.58584065"
"2026";"S";"BB";"0.03658587"
"2026";"SD";"AA";"278861.06921362"
"2026";"SD";"AE";"269608.90449861"
"2026";"SD";"AB";
"2026";"SD";"AC";
"2026";"SD";"AD";"9252.16471501"
"2026";"SD";"BCA";"236312.73904836"
"2026";"SD";"B";"208743.67311296"
"2026";"SD";"BP";"24.04726166"
"2026";"SD";"BBB";"289846.1836974"
"2026";"SD";"BB";"33.39026719"
"2027";"B";"AA";"95476.01935015"
"2027";"B";"AE";"96067.28657561"
"2027";"B";"AB";
"2027";"B";"AC";
"2027";"B";"AD";"-591.26722547"
"2027";"B";"BCA";"85698.7041675"
"2027";"B";"B";"107966.95906977"
"2027";"B";"BP";"12.13000489"
"2027";"B";"BBB";"138846.31986184"
"2027";"B";"BB";"15.59927735"
"2027";"K";"AA";"120453.10496079"
"2027";"K";"AE";"115854.76412897"
"2027";"K";"AB";
"2027";"K";"AC";
"2027";"K";"AD";"4598.34083181"
"2027";"K";"BCA";"61258.56214278"
"2027";"K";"B";"48728.43088646"
"2027";"K";"BP";"5.47460177"
"2027";"K";"BBB";"81159.93660774"
"2027";"K";"BB";"9.11825652"
"2027";"G";"AA";"57474.33631199"
"2027";"G";"AE";"57832.374776"
"2027";"G";"AB";
"2027";"G";"AC";
"2027";"G";"AD";"-358.03846401"
"2027";"G";"BCA";"36454.22873612"
"2027";"G";"B";"50137.6461173"
"2027";"G";"BP";"5.63292602"
"2027";"G";"BBB";"66344.59910658"
"2027";"G";"BB";"7.45376473"
"2027";"S";"AA";"80744.24097585"
"2027";"S";"AE";"76772.46359225"
"2027";"S";"AB";
"2027";"S";"AC";
"2027";"S";"AD";"3971.7773836"
"2027";"S";"BCA";"57449.07520421"
"2027";"S";"B";"143.46152281"
"2027";"S";"BP";"0.01611779"
"2027";"S";"BBB";"255.30281278"
"2027";"S";"BB";"0.02868307"
"2027";"SD";"AA";"283988.71977568"
"2027";"SD";"AE";"276367.90724975"
"2027";"SD";"AB";
"2027";"SD";"AC";
"2027";"SD";"AD";"7620.81252593"
"2027";"SD";"BCA";"240860.5702506"
"2027";"SD";"B";"205756.09765757"
"2027";"SD";"BP";"23.11653948"
"2027";"SD";"BBB";"285385.75845018"
"2027";"SD";"BB";"32.06287068"
