freq,s_adj,age,unit,sex,geo\TIME_PERIOD,2000-01 ,2000-02 ,2000-03 ,2000-04 ,2000-05 ,2000-06 ,2000-07 ,2000-08 ,2000-09 ,2000-10 ,2000-11 ,2000-12 ,2001-01 ,2001-02 ,2001-03 ,2001-04 ,2001-05 ,2001-06 ,2001-07 ,2001-08 ,2001-09 ,2001-10 ,2001-11 ,2001-12 ,2002-01 ,2002-02 ,2002-03 ,2002-04 ,2002-05 ,2002-06 ,2002-07 ,2002-08 ,2002-09 ,2002-10 ,2002-11 ,2002-12 ,2003-01 ,2003-02 ,2003-03 ,2003-04 ,2003-05 ,2003-06 ,2003-07 ,2003-08 ,2003-09 ,2003-10 ,2003-11 ,2003-12 ,2004-01 ,2004-02 ,2004-03 ,2004-04 ,2004-05 ,2004-06 ,2004-07 ,2004-08 ,2004-09 ,2004-10 ,2004-11 ,2004-12 ,2005-01 ,2005-02 ,2005-03 ,2005-04 ,2005-05 ,2005-06 ,2005-07 ,2005-08 ,2005-09 ,2005-10 ,2005-11 ,2005-12 ,2006-01 ,2006-02 ,2006-03 ,2006-04 ,2006-05 ,2006-06 ,2006-07 ,2006-08 ,2006-09 ,2006-10 ,2006-11 ,2006-12 ,2007-01 ,2007-02 ,2007-03 ,2007-04 ,2007-05 ,2007-06 ,2007-07 ,2007-08 ,2007-09 ,2007-10 ,2007-11 ,2007-12 ,2008-01 ,2008-02 ,2008-03 ,2008-04 ,2008-05 ,2008-06 ,2008-07 ,2008-08 ,2008-09 ,2008-10 ,2008-11 ,2008-12 ,2009-01 ,2009-02 ,2009-03 ,2009-04 ,2009-05 ,2009-06 ,2009-07 ,2009-08 ,2009-09 ,2009-10 ,2009-11 ,2009-12 ,2010-01 ,2010-02 ,2010-03 ,2010-04 ,2010-05 ,2010-06 ,2010-07 ,2010-08 ,2010-09 ,2010-10 ,2010-11 ,2010-12 ,2011-01 ,2011-02 ,2011-03 ,2011-04 ,2011-05 ,2011-06 ,2011-07 ,2011-08 ,2011-09 ,2011-10 ,2011-11 ,2011-12 ,2012-01 ,2012-02 ,2012-03 ,2012-04 ,2012-05 ,2012-06 ,2012-07 ,2012-08 ,2012-09 ,2012-10 ,2012-11 ,2012-12 ,2013-01 ,2013-02 ,2013-03 ,2013-04 ,2013-05 ,2013-06 ,2013-07 ,2013-08 ,2013-09 ,2013-10 ,2013-11 ,2013-12 ,2014-01 ,2014-02 ,2014-03 ,2014-04 ,2014-05 ,2014-06 ,2014-07 ,2014-08 ,2014-09 ,2014-10 ,2014-11 ,2014-12 ,2015-01 ,2015-02 ,2015-03 ,2015-04 ,2015-05 ,2015-06 ,2015-07 ,2015-08 ,2015-09 ,2015-10 ,2015-11 ,2015-12 ,2016-01 ,2016-02 ,2016-03 ,2016-04 ,2016-05 ,2016-06 ,2016-07 ,2016-08 ,2016-09 ,2016-10 ,2016-11 ,2016-12 ,2017-01 ,2017-02 ,2017-03 ,2017-04 ,2017-05 ,2017-06 ,2017-07 ,2017-08 ,2017-09 ,2017-10 ,2017-11 ,2017-12 ,2018-01 ,2018-02 ,2018-03 ,2018-04 ,2018-05 ,2018-06 ,2018-07 ,2018-08 ,2018-09 ,2018-10 ,2018-11 ,2018-12 ,2019-01 ,2019-02 ,2019-03 ,2019-04 ,2019-05 ,2019-06 ,2019-07 ,2019-08 ,2019-09 ,2019-10 ,2019-11 ,2019-12 ,2020-01 ,2020-02 ,2020-03 ,2020-04 ,2020-05 ,2020-06 ,2020-07 ,2020-08 ,2020-09 ,2020-10 ,2020-11 ,2020-12 ,2021-01 ,2021-02 ,2021-03 ,2021-04 ,2021-05 ,2021-06 ,2021-07 ,2021-08 ,2021-09 ,2021-10 ,2021-11 ,2021-12 ,2022-01 ,2022-02 ,2022-03 ,2022-04 ,2022-05 ,2022-06 ,2022-07 ,2022-08 ,2022-09 ,2022-10 ,2022-11 ,2022-12 ,2023-01 ,2023-02 ,2023-03 ,2023-04 ,2023-05 ,2023-06 ,2023-07 ,2023-08 ,2023-09 ,2023-10 ,2023-11 ,2023-12 ,2024-01 ,2024-02 
M,NSA,TOTAL,PC_ACT,T,AT,5,5.4,5.3,4.2,3.2,3,3.1,3.4,3.7,3.6,3.5,3.8,4.2,4.5,4.6,4.3,3.5,3.4,3.4,3.6,4,3.9,4,4.4,5.1,5.5,5.5,4.7,3.7,3.5,3.6,4,4.3,4.2,4.1,4.4,5,5.3,5.6,5.3,4.3,4.2,4.1,4.4,4.6,4.6,4.6,5.1,6.6 b,6.7,6.9,6.2,5.3,5.3,5.2,5.4,5.8,5.9,5.6,5.8,6.2,6.6,6.9,5.9,5.9,5.8,6,5.5,5.7,6.1,6.1,5.7,6.8,7,7,5.8,4.9,5.7,5.4,4.7,4.9,5.1,5.1,5.3,5.7,6.3,5.8,5.6,5.4,4.8,5.3,5.2,4.5,4.8,4.9,4.3,5,5.5,5.1,4,4,3.7,4,4.5,3.9,4,4.7,4.9,5.5,5.7,6,5.9,5.2,5.4,6,5.4,6.1,5.4,6.1,5.3,5.6,6.3,6.4,5.4,4.9,5.1,4.9,4.8,4.9,4.8,4.6,4.6,5.4,6.6,5.5,4.9,4.7,4.2,4.2,4,4.1,4.9,5.3,5,4.8,6.2,5.3,4.9,5,5.1,5.1,5.2,5.2,4.9,5.4,5.2,6.5,6.6,6.8,5.4,5.1,5,5.6,5.2,5.5,5.5,5.9,5.6,6.9,6.7,7,5.5,5.4,6.1,5.8,5.4,5.9,5.7,6,6,6.5,6.9,6.9,6.2,6.1,5.8,5.7,5.6,5.9,5.5,6.6,6.1,7.3,7.6,6.9,6.2,6.5,6.3,6.2,6.5,6.1,5.9,6,5.9,6.7,7.2,6.8,5.8,5.8,5.2,5.7,5.5,5.6,5.3,5.8,5.7,6.4,6.1,5.8,5.2,4.4,4.8,5.1,5,5,5.1,4.5,5.1,5.5,6,5.7,5,4.7,4.3,4.6,4.7,4.3,4.7,4,4.6,4.8,5.5,5.4,6.1,6.8,7.4,6.3,6,6,5.7,5.7,6.6,8.4,8.2,7.3,7.3,6.5,5.8,5.6,5.6,4.6,5.5,4.9,4.7,5.3,5.7,4.8,4.4,4.4,4,4.3,4.9,4.9,4.3,5.3,4.8,5.7,5.8,5,5.2,4.4,4.7,5.4,5.1,5.1,4.8,4.7,5.4,5.5,
M,NSA,TOTAL,PC_ACT,T,BE,7.5,7.2,6.8,6.7,6.4,6.3,6.8,7.3,7.1,7,6.8,6.6,6.3,6.1,6.1,6.3,6.3,6,6.2,6.4,6.8,7.5,7.5,7.6,7.6,7.4,7.3,7.1,6.9,6.8,7.5,7.6,7.8,8,8.1,8.2,8.3,8.2,8,7.9,7.6,7.6,8.3,8.4,8.4,8.4,8.4,8.6,8.9,8.8,8.3,7.5,7.2,7.4,8.8,9.3,9.3,8.7,8.2,8.3,8.5,8.6,8.5,8.2,8.1,7.9,8.6,8.7,8.7,8.5,8.4,8.5,8.7,8.7,8.6,8.5,8.3,8,8.2,8.1,8.1,8,7.9,7.9,8,8,7.9,8,7.7,7.2,7.5,7.3,7,7,7,7.2,7.3,7.1,6.8,6.4,6.1,6.5,7.7,7.9,7.5,6.9,6.6,6.9,8.0 b,8,7.9,7.7,7.4,7.6,8.3,8.4,8.2,8,8,8.4,8.8,8.7,8.5,8.3,8.1,8.1,8.9,8.8,8.5,8.2,7.9,7.7,7.5,7.2,6.9,6.7,6.6,6.7,7.7,8,7.8,7.3,7.1,7.1,7.4,7.4,7.2,7.1,7,7,7.6,7.9,8,8.2,8.3,8.5,8.7,8.6,8.5,8.4,8.2,8.1,8.7,8.8,8.7,8.6,8.6,8.7,9,8.8,8.7,8.5,8.2,8.2,8.8,8.9,8.8,8.7,8.6,8.7,8.9,8.9,8.9,8.7,8.4,8.2,8.4,8.4,8.5,8.8,8.9,8.8,8.6,8.3,8.1,8.1,7.9,7.8,8.1,8,7.6,7.3,7.1,7.3,7.7 b,7.8,7.6,7.3,7,6.8,7.4,7.4,7,6.7,6.3,6.2,6.2,6.1,6.1,6.3,6.1,5.9,6.1,5.9,5.7,5.7,5.7,5.7,5.7,5.6,5.5,5.5,5.3,5.2,5.4,5.4,5.3,5.2,5.1,5.2,5.2,5.1,4.9,4.8,4.8,5.1,6.2,6.7,6.4,5.8,5.6,5.9,6.6,6.8,6.7,6.4,6,6,6.5,6.7,6.3,6,5.7,5.6,5.4,5.3,5.4,5.6,5.7,5.6,5.7,5.7,5.6,5.6,5.6,5.7,5.7,5.6,5.6,5.5,5.4,5.3,5.6,5.6,5.6,5.6,5.4,5.5,5.6,
M,NSA,TOTAL,PC_ACT,T,BG,14.6,15.4,16,16.3,16.3,16.2,16.3,16.7,16.8,17.1,17.5,18,18.8,19.5,19.9,20.3,20.1,19.5,19.2,19.1,19.1,19.6,20.2,20.3,20.7,20.1,19.2,18.7,18.1,17.6,17.6,17.7,17.7,17.8,17.2,16.3,16.7,15.5,14.8,14.3,13.8,13.4,13,12.8,12.5,12.6,12.8,13,13.7,13.5,13,12.7,12.1,11.5,11.1,10.9,11.1,11.8,12,11.9,11.9,11.4,10.9,10.5,10,9.5,9.2,9.1,9.3,9.8,10,10.1,10.2,9.7,9.3,9.1,8.9,8.9,9,8.9,8.6,8.4,8.4,8.4,8.5,8.1,7.5,7.1,6.8,6.7,6.8,6.7,6.4,6.2,6,6.2,6.7,6.6,6.3,6.1,5.8,5.5,5.4,5.2,4.9,4.8,4.9,5.4,7.3 b,7.5,7.6,7.6,7.4,7.4,7.6,7.8,8,8.4,9,9.7,10.9,11.4,11.5,11.5,11.1,10.7,10.4,10.5,10.9,11.8,12.5,12.9,13.3,13.2,13,12.8,12.2,11.7,11.4,11.3,11.3,11.8,12.5,13.1,13.8,14,13.9,13.8,13.3,12.9,12.8,12.5,12.4,13,13.5,13.8,14.6,14.8,14.8,14.6,13.8,13.3,13.1,12.9,13,13.7,14.1,14.2,14.3,14,13.6,13,12.3,11.8,11.8,11.7,11.7,11.7,11.6,11.4,11.6,11.5,11.6,11.5,10.9,10.2,9.7,9.2,8.8,8.7,8.8,9,9.4,9.6,9.7,9.5,9.1,8.7,8.3,8,7.7,7.7,7.6,7.7,7.9,7.9,7.8,7.6,7.3,7.1,7,6.9,6.6,6.6,6.6,6.7,6.8,6.7,6.7,6.7,6.5,6.2,6.2,6,5.8,5.7,5.6,5.7,6.1,6.1,5.8,5.5,5.2,4.9,4.8,4.6,4.6,4.9,5.1,5.3,5.5,5.4,5.7,7.2,7,6.3,5.9,5.7,5.8,6.2,6.2,6.3,6.4,6.3,6.2,6.1,5.7,5.2,4.8,4.6,4.4,4.5,4.6,4.6,4.8,4.8,4.8,4.8,4.7,4.2,3.8,3.5,3.4,3.5,3.7,4,4.3,4.4,4.6,4.8,4.7,4.5,4.2,4,3.9,4.1,4.2,4.3,4.7,
M,NSA,TOTAL,PC_ACT,T,CH,,,,,,,,,,,,,,,,,,,,,,,,,,,,,,,,,,,,,,,,,,,,,,,,,,,,,,,,,,,,,,,,,,,,,,,,,,,,,,,,,,,,,,,,,,,,,,,,,,,,,,,,,,,,,,,,,,,,,,,,,5.4,5.5,5.3,4.8,4.6,4.5,4.9,5,4.8,4.3,4.2,4.4,4.7,4.7,4.6,4.1,3.8,3.9,4.4,4.7,4.7,4.3,4.4,4.5,4.6,4.6,4.5,4.2,4,4,4.5,4.7,4.7,4.5,4.6,4.9,5.2,5.2,5,4.7,4.5,4.4,4.8,5,4.9,4.4,4.3,4.6,5.3,5.4,5.2,4.8,4.6,4.6,5,5.2,5,4.3,4.2,4.4,4.7,4.8,4.7,4.5,4.4,4.4,5,5.3,5.2,4.8,4.8,5,5.3,5.4,5.3,4.8,4.5,4.6,5,5.2,5.1,4.6,4.5,4.7,5.3,5.4,5.1,4.6,4.3,4.3,4.9,5.1,5,4.5,4.4,4.7,5.2,5.3,5.1,4.8,4.6,4.4,4.4,4.4,4.4,4.5,4.6,4.8,5,5,4.8,4.3,4.1,4.1,4.5,4.7,4.5,3.9,3.8,4,4.4,4.5,4.6,4.5,4.5,4.7,5.2,5.3,5.2,4.8,4.8,5.2,5.8,5.9,5.8,5.2,5,4.9,5.2,5.2,5,4.5,4.3,4.5,4.7,4.7,4.5,4.3,4,4,4.3,4.4,4.3,4.1,4.1,4.2,4.4,4.4,4.2,3.8,3.6,3.7,4.1,4.3,4.3,4,3.9,4,,
M,NSA,TOTAL,PC_ACT,T,CY,5,5.3,5.4,5.2,4.9,4.9,5,4.8,4.3,4,4.7,4.7,4.6,4.2,3.8,3.7,3.8,4.5,4.3,3.8,3.4,3.3,3.9,3.7,3.7,3.5,3.2,3.2,3.1,3.6,3.7,3.5,3.3,3.3,3.9,4,4,3.9,3.9,4.2,3.9,4.4,4.5,4.1,3.9,3.8,4.4,4.5,4.4,4.3,4.2 d,4.2,4,4.8,4.9,4.7,4.6,4.3,5.4,5.5,5.5,5.6,5.5,5,5.3,5.9,5.4,5.3,4.8,4.4,5.6,5.7,6.4,6.2,5.3,4.1,4,4.2,4.2,4.1,3.6,3.7,4.5,4.6,5.3,5.1,4.2,3.4,3.4,3.4,4.2,4.2,3.5,3.2,3.6,3.9,4.7,4.8,4.3,3.3,2.9,3.3,3.8,3.5,3.4,3,3.3,3.7,4.3,4.6,5,5.1,5.1,5.5,5.6,5.4,5.5,5.4,6.4,6.5,7.3,7.4,7.5,6.6,6.3,6.6,6.4,5.9,5.3,4.9,5.7,5.8,7.2,7.8,7.6,7.1,7.2,7.5,7.8,7.7,8,8.1,9.5,9.4,10.9,11.2,11.4,11.1,11.4,11.5,12.7,11.8,11.8,11.6,13.1,13.6,16.1,16.3,15.4,15.5,15.3,15.7,16.4,16.4,16,15.3,16.6,16.2,16.5,16.8,17.5,15.8,15.1,15.6,16.6,16.2,15.4,14.6,16.8,16.7,17.8,18,17.2,15.1,14.1,14.7,15.7,15,13.4,11.8,13.2,13.1,14,14.4,13.8,12.3,11.7,12.4,13.2,13.2,12.4,11.7,13.5,13.4,13.8,13.9,13.1,11.2,10.3,10.4,10.6,10.2,9.2,8.5,10.7,11.2,11.5,11.1,9.8,7.7,7,7.5,8.3,8.1,7.2,6.2,8.2,8.3,8.9,9,8.5,6.8,6.1,6.6,7.4,7.1,5.8,5.1,7,7,7.6,7.3,7.1,6.8,6.6,7.1,8.1,8.7,8,7.8,8.1,8.3,8.5,8.8,8.7,8,8.6,8.7,7.5,7.1,5.5,5.3,6.8,6.7,6.5,6.7,6.7,6.6,6.6,7.4,7.4,7.2,5.8,5.6,7.7,7.6,7,6.9,6.5,5.8,5.7,6.3,6.4,6.1,4.8,4.6,6.4,6.8,7.3,
M,NSA,TOTAL,PC_ACT,T,CZ,9.6,9.6,9.4,9,8.8,8.3,8.7,8.7,8.3,8.3,8.4,8.2,8.6,8.6,8.1,8.2,7.9,7.8,8,8.5,8.2,7.6,7.9,8.1,7.6,7.8,7.6,6.8,7.1,7.1,7,7.5,7.2,6.9,7.5,7.4,7.4,7.6,7.7,7.4,7.6,7.5,7.9,7.9,8.1,7.9,8,8.3,8.7,9.1,8.2,8.3,8.4,7.8,8.1,8.4,8.1,8.5,8.2,7.7,8.6,8.6,7.9,8,7.8,7.7,7.7,7.8,7.8,7.8,7.7,7.9,8.2,7.6,8.1,7.1,6.8,7.3,7,6.8,7.2,6.5,6.4,6.6,6.3,6,5.8,5.5,5.2,5.2,5.3,5,5.1,5,4.6,4.9,4.9,4.8,4.4,4.3,4,4.4,4.3,4.2,4.4,4.1,4.3,4.8,5.5,5.9,5.9,6.3,6.5,6.3,7,7.7,7.3,7.1,7.4,7.3,8,8.4,7.8,7.2,7.3,6.9,7.3,7.2,6.8,7,6.8,6.8,7.3,7.4,6.8,6.9,6.6,6.6,6.7,6.4,6.6,6.5,6.3,6.5,6.9,7.4,7,6.8,6.7,6.5,7,7.3,6.6,7,7.6,6.9,7.1,7.9,7.3,6.8,7.2,6.4,6.6,7.3,6.9,6.3,7,6.8,6.6,6.9,6.9,6.1,6,6,5.7,6.4,5.6,5.4,6.1,5.7,6,6.2,5.8,5.2,4.8,4.8,5.1,4.8,4.6,4.5,4.4,4.5,4.6,4.4,4.1,4,3.7,4.1,4.3,3.7,3.9,3.7,3.5,3.6,3.6,3.5,3.3,3.3,2.8,2.8,2.9,2.8,2.7,2.6,2.3,2.3,2.6,2.6,2.1,2.2,2.2,2.2,2.3,2.5,2.3,2,1.9,2.3,2.2,1.8,2.1,2,2,1.7,2.2,2.1,2.1,2.1,2,1.9,2.1,1.9,1.9,2.1,2.4,2.6,3,2.8,2.8,3.1,2.8,3.1,3.4,3.3,3.4,3.3,3,2.7,2.7,2.9,2.5,2.4,2,2.1,2.5,2.7,2.3,2.4,2.4,2.4,2.3,2.6,2.2,2.1,2.7,2.2,2.6,2.6,2.6,2.7,2.3,2.6,2.9,2.6,2.7,2.9,2.3,2.8,3.2,
M,NSA,TOTAL,PC_ACT,T,DE,,,,,,,,,,,,,,,,,,,,,,,,,,,,,,,,,,,,,,,,,,,,,,,,,,,,,,,,,,,,,,,,,,,,,,,,,,,,,,,,,,,,,9.3,9.6,9.2,8.6,8.5,8.3,8.3,8.4,8.1,7.8,8.2,8.2,8.2,8.1,8,7.9,7.3,7.8,7.4,7.2,6.6,6.4,6.8,7.4,7.2 b,7.8,7.6,7.4,7.2,7.2,7.4,7.5,7.1,6.7,6.7,6.9,7.6,7.6,7.2,6.8,6.5,6.3,6.5,6.2,6.1,6.1,5.9,6.1,6.4,6.2,6.1,5.5,5.3,5.6,5.6,5.6,4.9,4.8,5.1,5.1,5.9,5.5,5.1,4.9,5.2,4.9,5.3,5,4.7,4.8,4.8,4.9,5.5,5.6,5.2,4.9,4.8,5,4.9,4.7,4.7,4.8,4.7,4.6,5.2,5.1,5.1,4.8,4.5,4.6,4.4,4.7,4.6,4.5,4.7,4.3,4.6,5,4.6,4.6,4.3,4.3,4.3,4.1,4,4.1,4.3,4.2,4.1,4.4,4.3,4,4,4,4,3.9,3.5,3.7,3.7,3.3,3.8,4.1,3.8,3.9,3.4,3.4,3.4,3.6,3.4,3.5,3.2,3.3,3.4,3.6,3.3,3.3,3.2,3.3,3.2,3.2,3.1,3,3,2.9,3.2,3,3.3,3,2.9,2.9,2.9,3,2.9,2.8,2.9,2.9,3.1,3.5,3.7,3.6,3.6,3.8,4,3.9,3.8,3.5,3.5,3.5,4.1,4.2,4,3.9,3.7,3.6,3.4,3.4,3.3,3.1,3.2,3,3.3,3.2,3,3.2,2.9,2.9,3.4,3.1,2.9,3,3,2.9,3.1,3,2.9,3.1,2.8,3,3,3.2,3,3.2,3.1,2.9,3.1,
M,NSA,TOTAL,PC_ACT,T,DK,5.6,4.9,4.5,4.3,4.2,4.1,4.1,4.3,4.1,3.9,3.9,4,4.7,4.6,4.5,4.2,4.1,4.2,4.4,4.9,4.8,4.7,4.6,4.6,5,4.6,4.4,4.3,4.2,4.3,4.6,5,4.9,4.7,4.5,4.5,5.3,5.3,5.4,5.3,5.4,5.5,5.4,5.6,5.5,5.4,5.3,5.5,6.4,6.1,5.8,5.4,5,5.2,5.5,5.9,5.6,5.2,4.9,5,5.9,5.7,5.6,5.1,4.7,4.6,4.8,4.9,4.6,4.2,4,4,4.6,4.5,4.4,4.2,3.9,3.7,3.7,3.8,3.6,3.4,3.4,3.7 d,4.2,4.3,3.9,3.7,3.6,3.7,4.1,4,3.8,3.3,3.3,3.1,3.4,3.8,3.9,3.2,3.3,3.7,3.8,3.8,3.6,3.5,4.4,3.8,5.9,5.4,5.8,6.2,5.7,7.2,6,7.1,6.8,6.9,7.1,6.8,8.3,8.2,8.3,7.8,7.3,7.7,7.9,7.6,7.3,7.9,7.2,7.5,8.9,8.2,8.2,7.5,7.5,6.9,8.3,7.8,6.8,8,7.7,7.3,8.5,8.4,7.8,8.5,8.2,7.3,7.6,8.3,7.6,7.3,7,6.9,8.9,7.5,7.6,8.4,6.4,7,7.6,7.4,7.3,6.6,7.3,6.5,8.5,7.2,6.8,6.8,6.5,6.5,6.7,7.4,7,6.6,6.4,6.7,6.7,6.8,6.7,6.6,5.8,5.9,6.8,6.5,5.8,6.1,5.6,5.9,6.3,6.5,6.3,6,5.9,5.4,6.7,6.1,5.5,6.2,5.6,5.3,6.6,6.7,6.2,5.9,5.6,5.3,5.9,6.4,5.8,5.2,5.3,4.9,5.8,5,5.8,5.2,4.8,4.9,5.1,5.4,4.5,4.9,5,5.4,5.4,5.5,5.5,5.3,4.6,4.1,4.6,5.4,5,4.9,5.2,4.8,4.9,5.6,5,4.3,5.1,6.2,6.4,6.9,5.8,5.8,5.9,5.6,6.3,6.4,6.5,5,4.8,4.4,4.2,5.6,4.8,4.8,4.1,4.3,5.1,4.7,4,4,4,3.9,4.7,5,4.5,4.5,4.7,4.6,4.5,5.7,4.7,4.8,4.6,4.4,5.7,4.7,4.5,5.3,4.8,4.8,5.9,
M,NSA,TOTAL,PC_ACT,T,EA20,9.5,9.7,9.5,9.2,8.9,8.9,8.8,8.7,8.5,8.6,8.6,8.5,8.6,8.8,8.7,8.4,8.2,8.2,8.2,8.2,8.1,8.3,8.4,8.4,8.7,8.9,8.9,8.7,8.5,8.5,8.6,8.5,8.4,8.7,8.8,8.9,9.4,9.6,9.6,9.3,9,9,8.9,8.9,8.8,9.1,9.2,9.3,9.8,9.8,9.8,9.5,9.3,9.1,9,9.1,9.3,9.4,9.6,9.5,9.8,9.9,9.8,9.3,9.3,9,8.7,8.9,9.1,9.3,9.1,9.1,9.4,9.4,9.2,8.7,8.4,8.2,8,8.1,8.2,8.3,8.4,8.1,8.3,8.4,8,7.7,7.6,7.3,7.3,7.3,7.3,7.4,7.5,7.5,7.8,7.8,7.6,7.6,7.4,7.5,7.3,7.4,7.5,7.8,8.1,8.5,9.1,9.6,9.7,9.7,9.4,9.4,9.4,9.5,9.8,10,10.1,10.2,10.7,10.9,10.7,10.5,10.2,9.9,9.9,9.8,10,10.3,10.3,10.2,10.6,10.6,10.5,10,10,9.8,9.8,9.9,10.1,10.5,10.8,10.9,11.4,11.6,11.6,11.4,11.3,11.1,11.1,11.1,11.4,11.9,12.1,12,12.8,12.9,12.6,12.3,12.1,11.8,11.7,11.6,11.9,12.1,12.2,11.9,12.6,12.6,12.3,11.9,11.6,11.2,11.1,11.1,11.4,11.7,11.9,11.4,11.8,11.9,11.7,11.3,11,10.8,10.4,10.2,10.5,10.7,10.8,10.6,10.8,10.9,10.7,10.3,10.1,9.9,9.7,9.6,9.7,9.9,10,9.7,10.1,10,9.8,9.4,9.1,8.7,8.7,8.7,8.7,8.9,8.8,8.7,9.1,9,8.8,8.5,8.2,8,7.8,7.7,7.8,8.1,8,7.8,8.3,8.2,8,7.7,7.5,7.2,7.3,7.3,7.4,7.4,7.5,7.4,7.8,7.7,7.3,7.3,7.4,7.8,8.4,8.6,8.6,8.3,8,8.1,8.6,8.6,8.4,8.2,7.9,7.6,7.5,7.5,7.3,7.3,7,6.9,7.2,7.1,6.9,6.7,6.5,6.4,6.5,6.7,6.6,6.7,6.6,6.7,6.9,6.9,6.7,6.5,6.3,6.2,6.4,6.5,6.5,6.6,6.5,6.4,6.7,
M,NSA,TOTAL,PC_ACT,T,EE,,16.1,15.1,15.1,13.4,13.2,13.4,14.2,14.3,14.4,14.9,14.7,14.6,14.1,13.9,13.6,13.1,12.2,13.1,12.5,13.1,12,12.3,12,11.8,11.9,11,9.9,10,10.6,10.9,10.6,11.2,12.7,12.4,13,11.7,11.2,11,10.4,11.3,10.6,10.3,9.7,9.1,9.5,9.1,10.3,10.7,10.3,9.8,9.4,10.2,9.5,10.1,10.5,10.4,10.8,9.5,9.8,9.5,9.6,8.4,8.1,8.4,8.2,7.5,7,7.4,7.4,7.1,7.1,7.3,6.6,6.4,5.4,6.2,6.1,5.8,5.4,5.4,5.9,5.5,5.3,5.4,5.3,5.4,4.9,4.9,4.6,4.2,4.1,3.9,4.1,4.1,4.3,4.2,4.1,4.1,4.0 d,4,4.3,5.2,6.2,6.7,6.7,7.4,9.3,10.3 b,11.1,12.1,12.6,13.1,13.1,14,14.3,14,14.9,15.3,16.9,18.3,19.4,19.5,19.1,18.2,17,15.6,15.2,14.8,14.3,13.4,14.2,14.8,14.2,14,13.1,13,12.7,11.6,10.7,10.7,11.3,11.2,10.9,11.2,11.3,11.2,10.1,10,9.9,9.7,9.4,8.7,8.8,9,9.6,10.1,9.8,9.2,8.1,7.9,7.7,7.6,7.8,8,8.4,8.7,8.6,8.9,8.4,8.1,7.6,7,6.8,7.1,7.4,7.1,6.6,6.3,6.5,6.9,6.7,6.9,7,6.7,6.1,5.5,5.5,5.9,6.2,6.6,6.7,6.8,6.7,7,6.6,6.5,6.8,6.9,7.5,7,7.1,6.7,6.4,6.2,5.7,5.8,6.1,6.6,6.2,5.7,5.1,5.4,5.3,5.5,6.1,6.8,6.7,6,5.2,5.1,5.1,5.2,5.2,5.5,5.1,4.5,4.3,4.4,4.7,4.7,5,5.1,4.7,4.2,4,4.3,4.1,4.1,4.5,5,5.1,5.4,6.3,7.2,8,7.6,7.6,7.8,7.9,7.6,7.1,7.4,7.1,6.7,6.5,6.9,6.7,6.3,5.7,5.5,5,5.2,5.5,5.9,5.5,5.5,5.5,5.8,5.9,5.9,5.6,5.3,5.3,5.4,5.3,5.2,5.3,5.9,6.2,6.7,7.2,7.5,7.3,6.4,6.1,6.3,6.9,7,
M,NSA,TOTAL,PC_ACT,T,EL,12.1,12.5,11.9,11.3,11.3,10.8,10.5,11.1,10.8,10.1,11.2,11.2,11,11.4,10.9,10.5,10.5,10,9.9,10.4,10.1,10.4,11.5,11.5,11.3,11.7,11.2,10.1,10.1,9.6,9.6,10.1,9.8,9.5,10.5,10.5,10.3,10.7,10.2,9.6,9.5,9,9.1,9.5,9.2,9.3,10.3,10.2 d,11.8,11.1,11.4,10.6,10.3,10,10.2,10.3,10.1,10,10.6,10.9,10.5,10.4,10.7,10,9.7,9.6,9.7,10,9.8,9.7,10.1,9.9,9.6,10.6,9.4,9,9.3,8.4,8.1,8.8,8.4,7.8,9.3,9.7,8.8,9.2,9.7,8.5,7.9,8.3,7.9,7.7,8.5,7.9,7.6,9,8,8.1,9.1,7.8,6.8,7.4,7.1,7.2,7.5,7.4,7.9,8.9,9.9 b,9.7,9.7,9.9,8.7,8.8,9.8,9.2,9.3,10.2,11.1,10.7,11.9,12.6,12,12.4,12.3,12,12.7,12.6,13,14,14.5,15.5,15.7,16.6,17.1,16.1,17.5,16.3,17,19.4,17.9,19.9,21.6,22,21.7,23.5,24.1,23.2,23.7,25.1,24.2,25.6,26.2,25.3,27.8,27.3,27.9,28.4,28.3,28.2,27.7,27,27.5,27.4,27.4,26.9,28.9,28.3,27.4,29.3,27.8,26.8,27.3,25.9,25.2,25.9,25.7,25.4,25.9,27.2,26.4,26.2,27.8,25.3,23.7,24.8,24.3,23,24.4,24.6,24.5,24.8,25.8,25,25,23.8,23.5,22.8,22.8,23.5,22.3,23.1,24.5,24.4,24.4,24.4,23.1,22,22.1,20.4,20.3,20.7,20,20.7,22.3,21.7,21.5,22.8,21.1,20.2,19.5,18.3,18.6,19,17.9,18.8,20.2,19,20.5,20.7,18.8,18.7,17.4,16.3,17.1,16.9,16.3,16.7,17.8,17.4,17.3,17.3,17.3,18.3,20,19.6,16.1,16.6,16.3,17,18.1,17.5,16.8,16.9,17.6,17.4,15.6,14.4,13.5,13.3,12.3,13,13.7,13,14.4,14,13,12.7,12.9,11.8,11.8,12,11.2,11.3,11.9,12.5,11.7,12,11.9,11.8,11.1,10.6,11,11.9,9.5,10.2,10.8,10.5,11.2,
M,NSA,TOTAL,PC_ACT,T,ES,13.1,12.8,12.4,12,11.7,11.6,11.6,11.6,11.7,11.7,11.6,11.2,11,11,10.8,10.4,10.4,10.2,10.2,10.4,10.4,10.5,10.7,10.7,11.3,11.8,11.5,11.3,11.1,11.1,11.3,11.5,11.6,11.6,11.6,11.6,12,12,11.9,11.5,11.2,11.2,11.2,11.3,11.4,11.4,11.4,11.4,11.6,11.5,11.4,11.3,11,10.9,10.7,10.8,10.7,10.7,10.6,10.3,10.4,10.2,10,9.8,9.3,8.9,8.5,8.4,8.3,8.6,8.8,8.8,9,9.1,9,8.7,8.4,8.2,8.1,8.1,8.1,8.2,8.3,8.3,8.5,8.4,8.3,8.1,7.9,7.8,7.8,8.1,8.1,8.3,8.6,8.8,9.4,9.7,9.8,10.2,10.4,10.6,10.7,11.2,11.8,12.8,13.8,14.8,16.3,17.4,18.1,18,17.8,17.5,17.4,17.7,18.1,18.5,18.7,18.9,19.5,19.9,20.1,20.2,19.9,19.6,19.4,19.6,19.8,20.1,20.2,20.2,20.8,21.2,21.3,20.9,20.6,20.5,20.8,21.3,21.9,22.3,22.6,22.7,23.7,24.3,24.6,24.5,24.5,24.2,24.4,24.8,25.2,25.6,25.9,25.8,26.7,27.1,27,26.6,26.1,25.6,25.6,25.6,25.8,26,25.9,25.4,26,26,25.8,25.1,24.5,23.8,23.7,23.6,23.7,23.9,23.8,23.5,23.9,23.9,23.6,23,22.4,21.8,21.3,21.2,21.1,21.2,20.9,20.6,21,21.1,20.9,20.6,20,19.4,19,18.9,18.9,18.8,18.8,18.4,18.8,18.9,18.6,17.9,17.2,16.6,16.3,16.4,16.5,16.6,16.6,16.4,16.8,16.9,16.5,15.9,15.3,14.7,14.5,14.6,14.6,14.6,14.5,14.3,14.7,14.8,14.7,14.3,14,13.8,13.8,14,13.9,13.9,13.8,13.6,14.2,14.1,15,15.3,15.2,15.5,15.9,16.4,16.4,16.3,16.1,16,16.1,16.1,15.8,15.6,15.2,15,14.8,14.7,14.2,13.7,13.2,13.1,13.6,13.7,13.7,12.9,12.3,12.2,12.4,12.7,13,12.9,12.9,12.9,13.4,13.5,12.9,12,11.5,11.3,11.6,11.9,12,12,11.7,11.6,12,
M,NSA,TOTAL,PC_ACT,T,EU27_2020,9.9,10.1,10,9.7,9.4,9.3,9.3,9.1,9,9.1,9.1,9.1,9.4,9.6,9.5,9.3,9.1,9.1,9,9,8.9,9.1,9.2,9.4,9.7,9.9,9.9,9.6,9.4,9.4,9.5,9.4,9.3,9.5,9.6,9.7,10.1,10.3,10.3,10,9.7,9.6,9.6,9.6,9.5,9.7,9.8,10,10.6,10.5,10.5,10.1,9.8,9.7,9.5,9.7,9.8,9.9,10,10,10.3,10.4,10.3,9.9,9.7,9.5,9.2,9.3,9.4,9.6,9.5,9.5,9.8,9.7,9.5,9,8.6,8.5,8.3,8.3,8.3,8.4,8.4,8.3,8.4,8.4,8,7.6,7.5,7.3,7.2,7.2,7.2,7.2,7.3,7.4,7.6,7.5,7.4,7.3,7.1,7.2,6.9,7,7.1,7.3,7.6,8,8.8,9.2,9.3,9.3,9.1,9,9.1,9.2,9.4,9.6,9.8,9.9,10.6,10.7,10.5,10.3,10,9.8,9.7,9.6,9.8,10,10,10,10.4,10.4,10.3,9.9,9.8,9.6,9.6,9.7,9.9,10.2,10.5,10.6,11.1,11.2,11.2,11,10.9,10.7,10.7,10.7,10.9,11.3,11.5,11.5,12.2,12.3,12.1,11.8,11.5,11.3,11.1,11.1,11.3,11.4,11.5,11.3,11.9,11.9,11.7,11.3,10.9,10.6,10.4,10.4,10.6,10.8,11,10.6,11,11.1,10.9,10.5,10.2,10,9.7,9.5,9.7,9.9,9.9,9.8,10,10.1,9.9,9.5,9.3,9.1,8.9,8.8,8.9,9,9,8.8,9.1,9.1,8.9,8.5,8.3,7.9,7.9,7.9,7.9,8,7.9,7.8,8.2,8.1,7.9,7.6,7.3,7.2,7,7,7,7.2,7.2,7,7.4,7.4,7.2,6.9,6.7,6.5,6.6,6.5,6.6,6.6,6.7,6.6,7,6.9,6.7,6.7,6.8,7.2,7.7,7.8,7.7,7.5,7.3,7.4,7.9,7.9,7.7,7.5,7.2,6.9,6.8,6.8,6.6,6.6,6.4,6.3,6.6,6.5,6.3,6.2,6,5.9,6,6.1,6,6.1,6.1,6.1,6.3,6.3,6.1,6,5.8,5.8,5.9,6,6,6.1,6,6,6.3,
M,NSA,TOTAL,PC_ACT,T,FI,10.6,11.3,11.2,11,11.9,10.3,7.8,8.3,9.1,8.9,8.7,8.3,9.9,9.8,9.6,10.3,11.3,9.3,7.6,7.8,8.7,8.3,8.8,8.1,9.9,9.4,9.5,10.4,11.9,9,7.8,8.1,8.1,8.5,8.2,8.1,9.5,9,9.9,10.4,11.4,9.6,7.9,7.7,8,8.3,8.2,8.2,9.5,9,9.5,10.6,11.6,8.9,7.8,8,7.2,8,8.1,7.7,9.8,9.2,8.5,10,10.2,8.7,7.3,7.2,7.1,7.2,8,7.6,8.7,8.4,8.1,8.6,10.1,8.1,6.6,6.9,6.8,7.2,6.7,6.4,7.6,7.5,7.7,7.2,8.5,7.4,5.9,5.9,6.4,6.2,6.1,6,6.8,6.4,6.8,6.2,8.8,6.8,5.2,5.6,5.9,5.8,6,6.1,7.2 b,7.8,8.4,9,11.2,9.1,7.6,7.7,7.5,8.5,8.5,7.9,9.8,9.3,9.3,9.4,10.5,9.1,7.7,7.4,7.2,7.5,7.2,8.1,8.6,8.5,9.9,8.4,9.8,8.7,7.1,6.6,7,7.1,6.3,7.6,8.1,7.7,8.8,8.3,9.8,8,6.9,7.4,7.2,6.9,7.4,7.2,8.9,9,9.1,9,10.9,7.8,6.8,7.2,7.5,7.4,8.1,7.9,8.6,9.3,9.8,9.1,10.9,9.1,7,7.6,8.3,8.4,8.1,8.8,9,10.3,10.4,10.3,11.7,10.2,8.4,8.4,8.5,8.8,8.3,9.2,9.4,9.7,10.1,9.7,10.8,9.4,8.1,7.6,7.6,8.2,8.4,8,9.3,9.6,9.6,10.3,10.9,9,7.6,7.5,8.3,7.6,7,8.5,9,8.8,8.9,8.5,9.3,7,6.5,6.7,6.4,6.5,6.2,5.4,6.9,7.3,7,8.1,9,6.4,5.9,6.1,6,6.2,6,6,7.1,6.9,7.3,8,10.9,7.7,7.5,7.8,7.5,7.4,7,7.6,8.8,8.3,8.2,9.6,10.3,7.6,7.1,6.5,7,6,6,6.7,7.5,6.7,7,6.9,7.9,6.8,6.6,6.7,6.7,5.8,5.9,6.7,7.6,6.7,6.9,7.9,9,7.2,6.9,6.7,7,6.8,6.8,7.1,8.3,
M,NSA,TOTAL,PC_ACT,T,FR,,,,,,,,,,,,,,,,,,,,,,,,,,,,,,,,,,,,,8.7 b,8.7,8.6,8.5,8.3,8,7.7,7.9,8.3,8.9,9.2,9.4,9.5,9.4,9.1,8.8,8.5,8.2,8.1,8.5,8.7,9.2,9.5,9.3,9.2,9,8.8,8.7,8.6,8.3,8.2,8.7,8.8,9.3,9.5,9.5,9.7,9.6,9.3,9,8.7,8.4,8.3,8.7,8.5,8.7,8.7,8.6,9,8.9,8.6,8.2,7.9,7.5,7.4,7.7,7.6,7.9,7.9,7.6,7.7,7.5,7.3,7.3,7.1,6.9,6.8,7.2,7.3,7.7,8.1,8.3,8.8,9,9.1,9.1,9.1,8.6,8.4,8.8,9,9.7,10,9.8,10,9.8,9.5,9.3,9.1,8.7,8.4,8.9,8.9,9.4,9.7,9.6,9.8,9.6,9.3,9.1,8.9,8.6,8.5,8.8,8.9,9.5,9.8,9.8,10.1,9.9,9.7,9.6,9.5,9.1,8.9,9.3,9.5,10.2,10.7,10.6,11,10.8,10.6,10.4,10.2,9.8,9.6,9.8,10,10.3,10.6,10.5,10.8,10.7,10.4,10,9.9,9.6,9.5,10,10.1,10.6,10.9,10.8,11,10.8,10.5,10.3,10.2,9.8,9.7,10.2,10.1,10.4,10.6,10.6,10.8,10.8,10.3,9.9,9.7,9.3,9.3,9.9,9.8,10.3,10.4,10.3,10.3,10,9.7,9.3,9.2,8.9,9.1,9.6,9.2,9.3,9.2,9.3,9.8,9.7,9.3,8.9,8.7,8.4,8.6,9.1,8.8,9,9,9,9.3,9,8.7,8.2,8,7.9,8.1,8.6,8.2,8.4,8.4,8.4,8.7,8.1,7.5,7.2,6.5,6.8,8.3,9.4,9.1,8.5,8.2,8.1,8.5 d,8.4,8.1,7.9,7.6,7.4,7.7,8.3,7.8,7.7,7.6,7.5,7.7,7.5,7.4,7.2,7.1,7,7.1,7.6,7.2,7.4,7.3,7.3,7.4,7.2,7,7,7,6.9,7.2,7.8,7.5,7.7,7.7,7.7,7.8,
M,NSA,TOTAL,PC_ACT,T,HR,15.1,15.2,15.4,15.5,15.4,15.2,15.4,15.6,15.9,16,16.2,16.2,16.9,16.8,16.7,16.7,16.2,15.7,15,15,15.2,15.9,15.8,16.1,16.5,16.5,16.5,15.9,15.3,15,14.7,14.6,14.6,14.7,14.6,14.6,14.8,14.8,14.7,14.4,13.9,13.6,13.3,13.2,13.4,14,14.3,14.5,14.7,14.8,14.7,14.1,13.6,13.2,13.1,13,13.3,13.8,13.9,14.1,14.1,14.2,14.1,13.6,13.1,12.6,12.3,12.1,12.3,12.5,12.7,12.7,13.1,13,12.8,12.4,11.8,11.2,10.6,10.6,10.9 d,11.2,11.2,11.1,11.3,11.2,10.9,10.2,9.6,9.2,9.5,9.5,9.1,9.5,9.6,9.6,10,9.9,9.7,8.9,8.4,7.9,7.7,7.6,7.7,8.2,8.4,8.6,9.2,9.5,9.6,9.3,9,8.6,8.7,8.7,9,9.6,10,10.3,11.3,11.6,11.8,11.7,11.4,11.2,11,11.2,11.6,12.3,12.8,13.1,14.2,14.4,14.3,13.8,13.5,13.1,12.8,12.8,12.9,13.6,14,14.6,16,16.4,16.4,15.5,14.9,14.4,14.3,14.5,14.9,16.8,17.4,17.9,18.9,19.1,18.9,17.6,16.7,16,15.9,15.7,16.3,17.5,18,18.4,19.2,19.5,19.3,17.9,16.9,16.1,15.3,15.2,15.4,17,17.4,17.8,18.5,18.6,18.1,16.7,15.6,14.8,14.5,14.4,14.6,15.7,16.1,16,16.5,16.1,15.4,13.7,12.5,11.9,11.7,11.6,11.7,12.8,13.2,13.5,14.2,13.9,13.2,11.6,10.3,9.7,9.5,9.6,9.5,10.3,10.6,10.5,11,10.6,9.9,8.7,7.7,7.4,7.3,7.2,7.1,7.8,8,8.1,8.4,8.3,7.7,6.8,6,5.8,5.8,5.8,5.7,6.3,6.5,6.6,7,6.9,7.1,7.8,7.7,7.5,7.6,7.7,7.7,8.4,8.7,9,9.4,9.4,9,8.3,7.7,7,6.8,6.7,6.4,6.7,6.7,6.7,7.4 b,7.4,7.2,6.7,6.3,6.1,6.5,6.6,6.4,6.7,7,7,7.3,7,6.6,6,5.5,5.5,5.9,6.1,5.9,6.3,6.4,6.5,6.9,
M,NSA,TOTAL,PC_ACT,T,HU,6.8,7.1,7.1,6.8,6.5,6.2,6,6,5.8,5.7,5.6,5.6,5.9,6.1,6.1,5.9,5.6,5.5,5.4,5.4,5.3,5.2,5.2,5.3,5.7,6,6.1,5.8,5.5,5.4,5.4,5.4,5.4,5.4,5.4,5.5,5.9,6.3,6.3,6.1,5.8,5.6,5.5,5.5,5.5,5.4,5.4,5.6,6,6.1,6,5.8,5.8,5.9,5.9,6.1,6.1,6.2,6.3,6.6,6.8,7.1,7.1,7.2,7.1,7.1,7.1,7.3,7.3,7.2,7.3,7.5,7.7,7.7,7.5,7.3,7.2,7.3,7.4,7.5,7.4,7.5,7.5,7.5,7.4,7.5,7.5,7.3,7,7,7.2,7.2,7.3,7.5,7.7,8.1,8.0 d,8,7.7,7.7,7.6,7.5,7.4,7.7,7.7,7.8,8,8.5,8.8 b,9.4,10.1,9.3,9,9.5,9.5,9.8,10.5,9.5,10.3,10.4,10.9,11.7,11.7,10.7,10.9,11,10.1,10.7,10.6,10,10.5,10.8,11.6,11.7,11.2,10.7,10.4,10.3,10.3,10.4,10.3,10.2,10.1,10.7,11.5,11.6,11.4,10.8,10.5,10.2,10.2,10.1,10.1,10,10.1,10.5,11.5,11.4,10.7,9.8,9.6,9.3,9.4,9.4,9,9.2,8.4,7.9,8.2,8.1,7.8,7.5,7.8,7.9,7.4,7.1,6.7,6.9,7.2,6.9,7.4,7.7,7.4,7.1,6.6,6.4,6.3,5.9,5.9,5.8,6,5.7,6,6,5.8,5.4,4.8,4.6,4.6,4.5,4.4,4.3,4.1,4.1,4.3,4.5,4.6,4.5,4.2,4,4,3.9,3.8,3.7,3.6,3.5,3.8,4,3.8,3.6,3.3,3.3,3.6,3.5,3.5,3.3,3.3,3.3,3.4,3.5,3.5,3.4,3.3,3.2,3.2,3.2,3.2,3.1,3.1,2.9,3.3,3.4,3.5,4.3,4.8,4.9,4.5,4.3,4.3,4.1,4.1,4.2,4.4,4.4,4.3,4.2,4.1,4,4,3.9,3.8,3.8,3.8,3.8,3.7,3.7,3.6,3.5,3.4,3.4,3.5,3.6,3.7,3.7,3.8,3.8,3.9,4,4,3.9,3.8,3.8,3.9,4,3.9,4.1,4.2,4.2,4.5,
M,NSA,TOTAL,PC_ACT,T,IE,4.9,4.8,4.7,4.9,4.7,4.8,4.6,4.4,3.9,3.7,3.6,3.8,3.9,4,3.9,4,4,4.3,4.6,4.6,4.3,4.1,4.2,4.2,4.4,4.5,4.6,4.7,4.7,4.9,4.7,4.7,4.5,4.8,5,5.2,5,4.8,4.6,4.8,4.8,5.2,5.4,5.3,4.8,4.5,4.4,4.6,5,5.2,5.1,4.9,4.7,4.8,4.8,4.7,4.4,4.4,4.4,4.5,4.3,4.3,4.5,4.8,5,5.3,5.2,5,4.4,4.2,4.2,4.4,4.6,4.7,4.7,4.8,4.8,5.2,5.4,5.4,4.7,4.4,4.3,4.5,4.7,4.9,5,5.1,5.1,5.4,5.3,5.1,4.7,4.8,4.9,5,5.2,5.3,5.5,5.6,6,6.8,7.4,7.8,7.5,7.7,8,8.7,9.9,10.9,11.6,12.3,12.9,13.5,13.8,13.8,13.3,13.2,13.2,13.5,13.6,13.6,13.9,14.3,14.6,15,15,15,14.6,14.9,15,15.4,15.2,15,14.9,15,15.2,15.8,16.3,16.3,15.3,14.9,15.1,15.9,15.4,16,16,15.7,15.7,16.1,16.4,16.2,14.9,14.5,14.3,14.6,14.4,14.4,14.3,14.6,14.7,14.7,14.4,14,12.7,12.3,12.2,12.6,12.6,12.7,12.6,12.4,12.4,12.6,12.6,12.3,11.1,10.5,10.3,10.5,10.5,10.5,10.4,10.3,10.3,10.3,10.3,10,9.3,9.1,9.1,9,8.9,8.8,8.7,8.9,9.1,9.2,9.1,8.8,7.7,7.3,7.1,7.3,7.2,7.1,6.9,6.8,6.8,7,7.3,7.1,6.5,6.2,6,6.1,5.8,5.7,5.6,5.9,6.1,6.2,6.3,6.1,5.6,5.5,5.4,5.4,4.8,4.7,4.8,5.2,5.5,5.7,5.7,5.4,4.8,4.5,4.4,4.6,4.6,4.6,4.8,4.8,5.3,6.2,7.5,7.7,7.1,6,5.7,6,6.6,7.2,7.6,7.7,7.4,6.9,6.3,5.8,5,4.9,4.8,4.9,4.8,4.6,5,4.6,4.3,4.5,4.6,4.6,4.1,4.2,4.1,4.2,4,4,4.1,4.2,4.3,4.7,4.7,4.7,4.4,4.2,4.1,4.3,4.3,4.1
M,NSA,TOTAL,PC_ACT,T,IS,,,,,,,,,,,,,,,,,,,,,,,,,,,,,,,,,,,,,5.2,4,2.9,2.8,6.3,3,2.6,3.5,2.5,2.7,3,3.7,3.3,2.8,4.4,3.5,7,3,2.6,3.3,2.8,2.7,2.8,2.7,4,3,2.9,2.9,4.4,2.5,1.7,2.7,1.6,3.5,3.6,1.8,2.2,2.6,2.7,4,6.4,3.2,2.5,2.8,3.4,3,2.6,3.1,2.2,1.4,2.8,3.3,5,1.7,2,3,1.8,2.5,1.4,2.6,3.5,2.3,1.9,2.9,4.4,2.2,3.1,2.7,3.1,3,5.6,5.3,5.8,9.2,8.5,9.3,11.8,8.2,5.4,7,7.7,7,8,8.3,8.3,8.8,8.2,9.4,13.2,6.8,6.3,6.2,8.2,7.2,8.1,8.9,8.6,8.6,8,11.4,12.2,5.2,5.9,6.2,6.4,7.7,5.4,6.5,7.3,7.9,8.1,8.3,9.5,5.7,5.1,6.4,5.5,5,4.8,6,6.3,5.2,7.6,7.1,8.1,6.7,3.6,5,5.9,5.4,4.4,4.8,7,4.6,6.5,6.3,7.6,5.1,3.7,5.7,4.8,5.6,3.4,4.6,5.1,5.3,4.9,6.1,7.3,3.2,3.6,4.2,4.2,4.2,4.1,1.9,3.2,3.6,4.2,5.3,4.3,2.4,2.1,3.2,3.3,2.9,2.6,3,4.7,3.5,2.2,3.6,6,2.8,1.1,2.9,3.2,3.9,1.8,3.7,4.4,2.5,2.4,4.7,4.5,2.9,2.9,2.9,1.6,3.3,3.5,1.6,3.4,3.7,3.5,4.4,6.6,3.4,2.7,4.7,3.4,3.7,3.7,4,4.1,6.3,2.8,8,11.6,4.3,6.3,6.6,4.5,8.7,7.1,6.9,8.6,6.1,8.2,10.8,8.4,4.7,4.1,5.1,2.8,5.5,3.4,4.4,3.3,4.3,4.7,3.7,5.8,3.3,3.4,3.9,2.8,2.6,4.1,3.1,3.2,5.1,3.3,2.9,5.2,2.2,2.5,3.1,4.1,3.1,2.8,3.8,,
M,NSA,TOTAL,PC_ACT,T,IT,10.2,11.1,11.2,10.7,10,10.2,10.5,9.5,8.8,9.8,9.4,9.2,9,9.8,9.8,9.4,8.8,9,9.4,8.5,8,9.1,8.8,8.5,8.2,8.9,9,9,8.5,8.6,8.9,8,7.4,8.5,8.3,8.4,8.5,9.4,9.4,8.8,8.1,8.3,8.6,7.9,7.4,8.6,8.3,7.9,8.8 b,8.5,8.9,8.2,8,7.5,7,6.8,8.1,8.3,8.6,7.9,8.1,8.6,8.3,7.8,7.4,7.5,6.6,6.4,8.2,8.6,8.2,7.7,7.8,8,7.3,6.9,6.9,6.1,5.7,5.9,7,7.5,7.1,6.2,6.9,6.6,5.9,5.6,6.1,5.5,5.8,5.3,6.1,6.6,6.7,6.7,7.4,7.3,6.5,7,6.7,6.7,6,5.7,6.7,7.3,7.3,6.7,8,8,8.1,7.8,7,7.4,7.2,6.7,8.3,8.8,8.6,8.6,9.3,9.4,9,9,8.5,8,7.7,6.8,8.3,9.2,8.9,8.4,8.7,8.7,8.8,8.1,8.1,7.6,7.4,6.8,8.8,9.1,10,10,10.5,11,11.6,11.2,10.5,10.4,10,9.2,10.8,12,12,11.4,13.1,13.1,12.7,12.6,12.4,11.7,11.1,11,12.3,12.9,13.2,12.3,14,14,13.2,12.9,12.8,11.3,11.9,11,12.7,13.6,14.4,12.1,12.9,13.2,13.3,12.2,12.4,12.1,10.7,9.9,11.3,12.1,12.2,11.7,12.1,12.3,12.1,11.9,11.5,11.5,10.8,10.2,11.8,12,12.7,12.1,12.4,12,12.2,11.2,11.2,10.7,10.7,10.2,10.9,11.3,11.5,10.8,11.9,11.3,11.5,11.3,10.4,10.4,9.6,8.5,9.9,11.2,11,10.2,11.3,11.3,10.5,10.3,9.6,9.2,9.4,8.2,9.8,9.9,9.9,9.8,10.5,10,7.6,6.4,8,9.4,10.6,9.6,10.4,10.5,9,9.6,10.9,10.7,10.4,10.1,9.6,9.2,8.8,8.7,9,9.7,8.8,8.8,9.1,8.7,8.5,8.2,7.8,7.8,7.4,7.7,7.9,8.1,7.8,7.9,8.4,8.3,8.2,8,7.5,7,7.5,6.9,7.5,8.1,7.6,7,7.6,
M,NSA,TOTAL,PC_ACT,T,JP,4.6,4.9,5.2,5.1,4.8,4.7,4.5,4.6,4.7,4.6,4.6,4.4,4.7,4.8,5.1,5.1,5.1,5,4.9,5,5.3,5.2,5.2,5,5.2,5.4,5.7,5.6,5.6,5.4,5.2,5.4,5.4,5.4,5.1,5,5.4,5.3,5.8,5.7,5.6,5.3,5.1,5,5.2,5.1,5,4.5,4.9,5,5.1,5,4.8,4.6,4.8,4.7,4.6,4.7,4.4,4.1,4.5,4.7,4.8,4.7,4.6,4.2,4.3,4.2,4.2,4.5,4.4,4,4.4,4.2,4.4,4.3,4.1,4.1,4,4.1,4.2,4.2,3.9,3.7,4,4.1,4.2,4,3.8,3.6,3.5,3.7,4,4,3.7,3.5,3.9,4,4,4.1,4,4,3.8,4.1,4.1,3.9,3.9,4.1,4.2,4.5,5.1,5.2,5.2,5.2,5.4,5.4,5.4,5.2,5,4.8,4.9,5,5.3,5.4,5.2,5.2,5,5.1,5.1,5,4.8,4.6,4.7,4.6,4.9 b,5,4.7,4.8,4.7,4.5,4.2,4.4,4.3,4.2,4.5,4.4,4.7,4.8,4.5,4.4,4.4,4.2,4.2,4.1,3.9,4,4.2,4.2,4.3,4.4,4.2,4,3.9,4.1,3.9,4,3.8,3.5,3.7,3.6,3.8,3.9,3.7,3.7,3.8,3.5,3.5,3.5,3.3,3.2,3.5,3.5,3.5,3.6,3.4,3.4,3.4,3.4,3.4,3.1,3.2,3.1,3.2,3.2,3.3,3.4,3.2,3.1,3,3.2,3,2.9,2.9,2.9,3,2.9,2.8,2.9,3.1,2.8,2.8,2.8,2.8,2.7,2.6,2.6,2.4,2.5,2.5,2.6,2.3,2.5,2.5,2.5,2.3,2.4,2.4,2.3,2.4,2.3,2.5,2.5,2.4,2.3,2.3,2.3,2.4,2.4,2.2,2.1,2.3,2.3,2.5,2.8,2.9,2.8,2.9,3,3,3.1,2.8,2.8,2.9,2.8,2.8,3.1,3.1,3,2.8,2.8,2.8,2.7,2.7,2.5,2.7,2.6,2.6,2.7,2.8,2.7,2.5,2.6,2.7,2.6,2.4,2.3,2.4,2.5,2.8,2.7,2.7,2.6,2.6,2.7,2.6,2.5,2.4,2.3,2.4,
M,NSA,TOTAL,PC_ACT,T,LT,15.9,15.7,15.7,15.7,15.9,16.2,17,17.3,17,16.6,16.8,17.5,18.7,19.1,18.9,17.7,16.7,16.1,15.8,15.9,16.3,17.3,18.1,18.4,18.1,17.2,16.1,14.2,12.8,12,11.8,11.9,12,12.6,13.1,13.5,13.6,13.6,13.6,13.4,13,12.3,11.8,11.7,11.2,11.2,11.7,12.1,12.4,12.4,12.1,11.3,10.6,10.2,10.2,10.1,10,10.4,10.5,10.5,10.1,9.8,9.7,9.5,8.9,8.3,7.7,7.3,7,7.1,7.1,7.3,7.1,6.7,6.4,5.9,5.4,5.4,5.7,5.9,5.7,5.2,4.9,5.2,5.2,5.2,5,4.5,4,3.7,3.9,3.8,3.8,3.7,3.9,4.4,4.9,5.1,5,4.6,4.5,4.7,5.4,6,6.2,6.8,7.7,9,10.7,12.3,13.4,13.8,13.8,13.7,13.7,13.8,13.8,14.5,15.5,16.6,17.8,18.4,18.5,18.7,18.1,17.9,18.2,17.6,17.2,17.2,17,17.5,17.4,17.2,16.9,16.3,15.5,15,15.4,15,14.4,13.9,13.6,14.1,14.5,14.6,14.6,14,13.1,12.8,12.6,12.5,12.6,12.9,13.4,13.3,13.4,13,13,12.4,11.4,11.4,10.9,11.1,10.7,10.7,11.4,12.2,12.6,12.6,12.2,11.6,11.3,10.8,9.6,9.2,8.6,9.2,10.1,10.9,10.3,10,9.6,9.6,9.2,9.4,8.6,8.3,8.1,8.4,8.7,9.4,8.7,8.3,8.1,7.9,8.1,8.1,7.8,7.5,7.3,7.1,7.4,8.5,8.1,8.2,7.9,7.3,6.8,7,6.7,6.5,6.6,6.2,6.5,7.6,7.1,7.1,7.4,6.2,5.6,6,5.6,5.5,5.7,5.5,5.8,6.7,6.5,6.5,6.6,6,6,6.4,5.9,6.2,6.1,5.9,6.4,6.9,6.8,7,7.6,8.1,8.6,9,8.7,9.3,9.9,8.8,8.9,9.5,8,7.5,6.9,7.2,7.6,7.5,7.2,6.6,6.3,6.8,6.8,7.3,6.6,6.3,6.2,5.5,5.1,5.2,5.7,5.7,5.8,6,6.3,7,7.8,7.8,7.7,6.9,5.6,5.4,6.4,6.2,6.2,6.7,7.3,8.5,9,
M,NSA,TOTAL,PC_ACT,T,LU,2.6,2.6,2.4,2.3,2.2,2.1,2,2.1,2.2,2.1,2.1,2.1,2.2,2.1,1.9,1.8,1.7,1.7,1.7,1.7,1.8,2,2.1,2.1,2.4,2.3,2.2,2.3,2.3,2.3,2.4,2.5,2.7,3,3.1,3.2,3.6,3.6,3.5,3.5,3.5,3.4,3.6,3.6,4,4.3,4.5,4.6,5.1,5,5,5,4.7,4.7,4.7,4.8,5,5.1,5.2,5.1,5.2,5.1,4.8,4.7,4.5,4.3,4.2,4.2,4.5,4.7,4.7,4.9,4.9,4.8,4.8,4.5,4.3,4.2,4.2,4.3,4.6,4.7,4.8,4.8 d,4.8,4.6,4.4,4.2,3.9,3.8,3.7,3.8,3.9,4.2,4.3,4.4,4.8,4.9,4.6,4.5,4.4,4.4,4.7,4.8,5.1,5.5,5.6,5.7,5.8,5.7,5.4,5.1,4.9,4.8,4.8,4.8,4.9,5.1,5,5.1,5,5,4.7,4.4,4.2,4.2,4.2,4.2,4.4,4.7,4.9,5.1,5,4.9,4.7,4.7,4.6,4.5,4.8,4.8,4.9,4.9,4.9,5.3,5.3,5.2,5.1,4.9,4.8,4.7,4.8,4.8,5,5.2,5.3,5.7,5.9,5.9,5.8,5.7,5.6,5.6,5.8,5.7,5.9,6,6.1,6.5,6.4,6.2,6,5.8,5.7,5.6,6,5.9,6.1,6.1,6.2,6.6,6.6,6.6,6.4,6.3,6.2,6,6.4,6.4,6.4,6.6,6.6,7,6.8,6.7,6.5,6.3,6,5.9,6.1,6.1,6.3,6.3,6.3,6.7,6.4,6.1,5.8,5.6,5.3,5.2,5.4,5.3,5.4,5.4,5.5,6,5.7,5.7,5.6,5.5,5.4,5.3,5.6,5.5,5.4,5.4,5.3,5.6,5.5,5.7,5.7,5.6,5.4,5.4,5.7,5.6,5.4,5.5,5.6,6,6,6.1,6.7,7.4,7.4,7.2,7.1,6.6,6.4,6.3,6.3,6.8,6.7,6.6,6.2,5.8,5.4,5,5.1,4.9,4.8,4.8,4.7,5.1,4.7,4.7,4.5,4.3,4.2,4.2,4.4,4.5,4.7,4.9,4.9,5.2,5.1,5.1,4.9,4.8,4.7,4.8,5,5.1,5.4,5.6,5.8,5.9,5.8,
M,NSA,TOTAL,PC_ACT,T,LV,15,15.1,14.9,14.5,14.2,14,13.8,13.8,13.9,14.1,14.3,14.5,14.7,14.7,14.3,13.6,13.1,12.8,12.6,12.6,12.7 d,13.8,13.5,13.3,12.9,13,13.6,14.3,14.1,13.1,11.4,10.7,10.8,11.7,12.1,12.2,11.8,11.8,11.9,12,12.1,12,12,11.9,11.5,10.9,10.7,11.1,11.9,12.4,12.5,12.2,11.7,11.2,11.1,11.1,11.4,11.7,11.9,11.8,11.7,11.6,11.4,10.9,10.4,10,9.7,9.4,9.3,8.9,8.6,8.6,8.6,8.6,8.4,7.8,7.2,6.6,6.2,5.9,6,6.2,6.3,6.6,7,7.2,7.1,6.6,6.3,6,5.9,5.7,5.4,5.1,5.1,5.5,6.4,6.9,7,6.7,6.6,6.5,6.8,7.3,8.1,9.1,10.2,11.4,12.8,14.3,15.6,16.7,17.3,17.8,18.4,18.8,19.1,19.4,19.9,20.5,21,21.3,21.4,21.2,20.4,19.6,18.8,18.5,18.2,18,17.7,17.6,17.5,17.6,17.7,17.7,17.2,16.4,15.5,15,14.8,14.8,15,15.3,15.8,16.4,16.8,17,16.4,15.4,14.1,13.5,13.4,13.9,14,13.8,13.3,13.1,12.5,11.8,11.3,11.1,11.6,11.9,11.8,11.3,11.2,11.4,11.7,12,11.8,11.2,10.5,10.3,10.5,10.7,10.6,10.4,10.3,10.1,10,10.3,10.3,9.9,9.7,9.7,9.7,9.7,9.7,9.7,9.8,10,10.3,10.3,10.1,9.7,9.4,9.4,9.6,9.6,9.4,9.2,9.2,9.4,9.5,9.4,9.3,9,8.8,8.7,8.7,8.5,8.3,8.1,8.1,8.1,8.2,8.2,8.1,7.9,7.6,7.4,7.2,6.9,6.8,6.8,6.8,6.9,7,6.9,6.8,6.5,6.3,6.3,6.2,6.1,5.8,5.6,5.8,6.5,7.3,7.6,7.9,8.5,8.6,8.6,8.6,8.4,8.1,7.8,7.8,7.9,8,8.1,8.1,8,7.8,7.8,7.6,7.2,6.8,6.9,7.2,7.4,7.4,7.3,7.1,6.8,6.5,6.6,6.9,6.9,6.8,6.7,6.6,6.6,6.4,6.4,6.3,6.3,6.4,6.5,6.5,6.4,6.4,6.6,6.8,7.1,7.1,
M,NSA,TOTAL,PC_ACT,T,MT,7.1,7.2,7.1,6.8,6.4,6.2,6.4,6.7,6.7,6.7,6.8,7,7.2,7.5,7.5,7.5,7.3,7.1,7.4,7.9,7.9,7.9,8.1,8.1,8,8,7.6,7.4,7,6.5,6.4,6.4,6.5,6.9,7.1,6.5,6.6,6.5,6.8,7.4,7.6,7.5,8.3,8.3,8.1,8.3,8,7.4,7.4,7.2,7,7.4,7.4,7.2,7.5,7.3,7.3,7.2,7,6.7,6.7,6.8,7.1,7.6,7.4,6.9,6.6,6.4,6.5,6.9,7.1,7.3,7.3,7.2,7.3,7.4,7,6.8,6.7,6.6,6.4,6.2,6.4,6.5,7.2,7.3,7.2,6.7,6.4,6,6.1,6.3,6.3,6.2,6.2,5.7,6.1,6,5.9,5.9,5.9,5.7,5.8,5.9,5.9,6.2,6.4,6,6.4,6.4,6.7,7.1,7.2,7,6.9,6.7,6.8,6.9,7.3,7.2,7.1,7.1,6.9,7,6.6,6.3,6.5,6.5,6.8,7.2,7.2,6.9,6.6,6.6,6.5,6.8,6.7,6.3,6,5.8,5.9,6.4,6.6,6.5,6.2,6.1,6.2,6.2,6.2,6.2,6.2,6.4,6.3,6.4,6.3,5.7,5.7,5.7,6,6.2,6.4,6.3,6.2,6.2,6.3,6.3,6.2,5.8,5.8,5.7,5.8,5.8,5.9,5.7,6,5.9,5.8,5.6,5.5,5.3,5.5,5.4,5.4,5.5,5.5,5.4,5.2,5.2,5.3,5.6,5.4,5.3,5.4,5.3,5.1,5.1,4.9,4.7,4.5,4.3,4.2,4.4,4.3,4.2,4.2,4.1,4,4,3.9,3.8,3.9,4,4.2,4,4,3.9,3.7,3.8,3.9,3.8,3.7,3.6,3.7,3.5,3.6,3.5,3.6,3.5,3.6,3.8,3.7,3.6,3.6,3.5,3.7,3.7,3.8,3.6,3.6,3.4,3.5,3.3,3.7,4.4,4.6,4.8,5,5,4.8,4.6,4.4,4.2,4,3.9,3.7,3.4,3.4,3.4,3.3,3.4,3.3,3.1,3,3,2.9,3,2.9,2.9,3,2.9,2.9,2.9,2.9,2.9,2.9,2.9,3,2.9,2.8,2.7,2.5,2.4,2.4,2.5,2.6,2.5,2.4,2.4,2.6,
M,NSA,TOTAL,PC_ACT,T,NL,4.1,4.2,4.2,3.9,3.8,3.7,3.3,3.3,3.5,3.5,3.4,3.1,3.4,3.4,3.3,3.1,3,3,2.7,2.8,3,3.1,3.1,3,3.4,3.6,3.7,3.5,3.5,3.6,3.4,3.5,3.8,4,4.1,3.9,5.6 b,5.8,5.9,5.8,5.7,6,5.6,5.8,6.1,6.2,6.3,6.1,6.9,6.9,7.1,7,6.8,6.9,6.3,6.5,6.6,6.8,6.8,6.7,7.3,7.5,7.6,7.2,7.1,7,6.5,6.6,6.8,6.8,6.7,6.4,6.8,6.9,6.7,6.3,6.2,5.9,5.6,5.6,5.8,5.9,5.9,5.4,6,6.2,5.8,5.4,5.4,5.1,5,4.8,5.1,5.1,5.1,4.7,5.2,5.1,5.1,4.9,4.8,4.7,4.4,4.3,4.7,4.7,4.7,4.5,5.1,5.3,5.3,5.3,5.3,5.2,5.2,5.3,5.7,5.7,5.9,5.8,6.5,6.5,6.5,6.2,6.1,6,5.9,5.7,6,5.9,5.9,5.6,6.1,6.2,6,5.9,5.9,5.6,5.8,5.7,6.2,6.4,6.6,6.2,6.8,6.8,6.8,6.9,6.7,6.5,6.6,6.4,7,7,7.2,7.1,7.8,8,8.2,8.1,8.1,8.1,8.3,8.1,8.5,8.5,8.4,8.2,8.9,9,8.9,8.8,8.5,8.1,8,7.7,8.1,8.1,8.1,8,8.6,8.4,8.4,8.2,8,7.7,7.5,7.3,7.8,7.9,7.6,7.3,7.8,7.8,7.7,7.5,7.2,6.9,6.7,6.4,6.7,6.7,6.5,6.1,6.7,6.6,6.4,6.3,6.1,5.7,5.6,5.3,5.7,5.5,5.4,5.2,5.5,5.4,5.3,5.1,4.9,4.7,4.6,4.5,4.8,4.7,4.5,4.4,4.9,4.7,4.6,4.5,4.3,4.3,4.2,4.2,4.5,4.5,4.5,4,4.3,4.2,4.3,4.6,4.6,5.3,5.3,5.2,5.4,5.3,5,4.7,4.9,4.9,4.7,4.5,4.3,4.2,3.8,4,4.2,4,3.6,3.6,3.8,3.7,3.5,3.3,3.2,3.5,3.4,3.7,3.9,3.7,3.5,3.3,3.7,3.7,3.6,3.3,3.5,3.5,3.5,3.6,3.8,3.6,3.4,3.3,3.8,
M,NSA,TOTAL,PC_ACT,T,NO,3.4,3.5,3.3,3.2,3.2,3.2,3.4,3.4,3.2,3,2.9,3.2,3.4,3.4,3.2,3.1,3.4,3.6,3.7,3.5,3.5,3.5,3.2,3.4,3.6,3.9,3.7,3.7,3.8,3.7,3.7,3.7,3.6,3.6,3.4,3.6,3.9,4,4,4.1,4.4,4.5,4.5,4.5,4.3,4.1,4,4.2,4.1,4.2,4.1,4.1,4.4,4.5,4.6,4.5,4.4,4.2,4,4.2,4.4,4.5,4.6,4.6,4.8,4.8,5,4.8,4.5,4.3,4,4,4.2 b,4.3,4,4,4.1,4.4,3.2,3.7,3.5,2.8,2.7,2.3,3,2.8,2.9,2.9,2.9,3,2.8,2.8,2.6,2.7,2.3,1.9,2.8,2.6,2.7,2.7,3,3.5,2.9,2.9,3.4,3.1,2.8,2.8,3.2,3.3,3.4,3.6,3.7,4,3.2,3.6,3.5,3.3,3.7,3,3.9,3.9,4.7,4,4.2,4.7,3.5,3.8,4.1,3.7,3.3,3.7,3.3,3.4,3.9,3.8,3.7,4,3.3,3.7,3.6,3.7,3.3,3.1,3.9,3.7,3.1,3.5,3.6,3.5,3.3,3.3,3.4,3.7,3.4,3.4,3.8,4,4.2,4.1,4,4,3.6,4.2,4,3.4,3.8,4.1,4.1,3.2,4.2,3.6,3.4,3.6,4.1,3.6,4.3,3.8,3.8,3.6,4.4,4.7,4.8,4.6,4.4,5,5.2,4.2,4.9,4.8,4.3,5,5,5.6,5.1,5,5,4.9,4.9,5.2,4.9,4.7,4.6,4,4.2,4.5,5,4.6,4.6,4.7,4.1,4.3,4.4,3.8,3.9,4.3,4,3.9,4.4,4.1,3.6,4.5,4,4,4.5,3.8,3.7,3.4,4,4.3,3.8,3.2,3.5,4.1,3.8,4.3,3.7,4.2,3.8,3.8,4.1,3.6,3.6,4,5,5.3,5.7,5.3,5.4,5.4,5.1,4.5,5.1,5.4,4.5,5.1,5.6,4.8,4.8,4,3.8,3.6,3.8,3,3.2,3.5,3.2,2.6,3.9,3.4,2.6,3.5,3.5,3.1,3.1,3.2,3.5,3.9,3.8,3.5,3.2,3.8,3.4,3.7,3.6,3.6,3.7,3.3,4.5,
M,NSA,TOTAL,PC_ACT,T,PL,15.9,16.7,17,16.8,16.3,15.9,15.6,15.4,15.3,15.4,15.9,16.7,17.8,18.4,18.7,18.7,18.4,18.2,18,17.9,17.9,18,18.5,19.2,20.1,20.4,20.5,20.4,19.7,19.9,20,19.9,19.9,19.7,19.8,20.1,20.7,20.8,20.5,19.8,19.3,19.3,19.5,19.5,19.3,19.1,19.3,19.9,20.9,21,20.7,19.8,19.1,18.8,18.6,18.3,18.1,18,18,18.4,18.9,19.2,19.1,18.6,18.1,17.9,17.7,17.5,17.4,17,16.9,16.8,16.7,16.3,15.7,14.9,14.1,13.6,13.3,13.2,12.9,12.5,12.3,12.1,11.9,11.4,10.8,10.1,9.5,9.1,9.1,9,8.9,8.6,8.5,8.4,8.4,8,7.7,7.3,7,6.7,6.6,6.5,6.4,6.3,6.6,7,8.0 b,8.3,8.4,8,7.8,7.7,7.9,8,8.1,8,8.3,9.0 d,10.9,11.1,10.9,10.2,9.8,9.5,9.5,9.4,9.5,9.5,9.6,9.9,10.3,10.4,10.3,10,9.8,9.5,9.6,9.6,9.8,9.8,10,10.3,10.8,10.9,10.7,10.4,10.1,10,10.1,10.2,10.2,10.2,10.4,10.7,11.5,11.7,11.5,11.2,10.7,10.3,10.2,10.1,10,9.8,10,10.3,11,11,10.6,9.9,9.3,8.8,8.5,8.3,8.2,8.1,8.3,8.5,9,9,8.6,8,7.6,7.2,7.2,7.2,7.2,7.1,7,7.1,7.3,7.2,6.9,6.5,6.3,6.1,6.1,6.1,6,5.8,5.6,5.5,5.6,5.5,5.3,5.2,5.1,4.9,4.8,4.8,4.8,4.6,4.5,4.4,4.4,4.2,4,3.7,3.6,3.6,3.8,3.9,3.9,3.8,3.8,3.9,4.1,4,3.8,3.4,3.2,3.1,3.1,3.2,3.1,2.9,2.9,2.9,3.2,3.2,3.1,3.1,3.2,3.2,3.4,3.4,3.3,3.1,3.1,3.3,3.9,4.1,4.1,3.8,3.5,3.3,3.2,3.1,3,2.9,2.8,2.9,3.2,3.2,3,2.7,2.6,2.6,2.8,2.9,3,2.9,2.9,2.8,3,3,2.8,2.6,2.5,2.5,2.6,2.7,2.9,3,3.1,3.1,3.2,
M,NSA,TOTAL,PC_ACT,T,PT,5.8,5.7,5.3,5.2,5,4.9,5,5.3,5.4,5.3,5.1,5.2,5.3,5.5,5.5,5.4,5.2,5.1,5.2,5.3,5.5,5.5,5.5,5.5,5.8,5.8,5.8,5.8,5.9,6.1,6.3,6.5,6.9,7.4,7.6,7.7,7.8,7.9,7.8,7.8,7.7,7.6,7.5,7.7,7.9,8.1,8,7.9,7.7,7.9,7.7,7.8,7.9,7.9,7.9,8.4,8.6,8.7,8.6,8.9,9,9.1,9.1,9.1,8.8,8.9,9.2,9.3,9.6,9.6,9.6,9.5,9.4,9.3,9.2,9.1,8.9,8.7,8.9,9.1,9.6,9.8,9.8,9.8,9.9,10,9.9,9.9,9.5,9.3,9.3,9.5,9.4,9.5,9.4,9.4,9.2,9.2,9.2,9,8.9,8.9,8.9,9.3,9.4,9.5,9.4,10,10.3,10.5,10.7,10.8,10.8,10.9,11.2,11.6,11.9,12,11.9,12.1,12.1,12.4,12.4,12.5,12.4,12.5,12.5,12.8,12.8,12.7,12.9,13,13.1,13.2,13.3,13,12.9,12.6,12.7,13.3,13.9,14.2,14.7,15.3,15.3,15.8,16.1,16.3,15.9,15.8,16,16.8,17,17.6,17.9,18.4,18.6,18.6,18.4,17.9,17.5,16.9,16.9,16.5,16.3,16.3,16.2,16,15.8,15.9,15.6,15.2,14.7,14.4,14.2,13.8,13.8,14.1,14,14.3,14.5,14.3,13.9,13.3,12.5,12.2,12.2,12.4,12.7,12.8,12.7,12.8,12.7,12.9,12.5,11.9,11.3,10.9,10.8,11,11.1,11,10.9,10.6,10.6,10.5,10.2,9.8,9.2,8.9,8.7,8.8,8.7,8.7,8.3,8.3,8.3,8.1,7.8,7.3,7,6.6,6.6,6.9,6.7,6.8,6.9,7,7,7,6.8,6.7,6.5,6.3,6.2,6.3,6.6,6.7,6.9,7.1,7.2,6.9,6.5,6.4,5.7,7.1,7.7,8,8,7.7,7.3,7.2,7.3,7.3,7,7.2,6.9,6.6,6.3,6.3,6.4,6.5,6.5,6.2,6.2,6.1,6.1,6,6,5.7,5.8,6,6.2,6.2,6.6,7,7.3,7.2,7,6.6,6.1,5.9,6,6.1,6.6,6.8,6.7,6.7,6.8,
M,NSA,TOTAL,PC_ACT,T,RO,7.9,7.9,7.7,7.4,7.3,7.4,7.4,7.4,7.4,7.7,7.8,7.8,8.1,7.9,7.7,7.1,6.9,6.8,6.8,6.9,7,7.5,7.8,8.2,9.1,9.2,9.3,8.7,8.3,8.3,8.2,8.1,7.7,7.9,7.5,7.5,8,8.3,8.3,7.7,7.6,7.2,7.3,7.4,7.2,7.8,8,8.2 d,9.5,8.2,8.3,8.1,7.2,7.6,7.5,7.9,7.4,8,7.9,8.2,8.4,8.8,8.6,7.2,7,6.9,6.3,6.1,5.9,6.8,6.7,6.8,7.6,8.1,7.6,7.1,6.7,6.5,7.2,6.9,7,7,7,7.4,7,7.4,7,6.8,6.2,6.3,6,5.8,5.7,5.9,5.9,6.1,6.1,6.3,6.1,5.5,5.4,5.5,5.3,5.1,5,5.7,5.3,5.9,8.1,8.6,8.2,7.9,7.8,7.8,8.3,8.4,8.5,9,9.1,9.4,9.7,9.7,10,8.8,8.5,8.6,8.8,8.9,8.4,8.8,9.1,9,9.5,9.2,9,9.1,8.6,8.6,8.8,9,9,9.1,9.5,9.7,9.4,8.9,9.2,8.7,8.5,8.3,8.6,8.3,8.5,8.4,8.5,9,8.9,9.1,9.5,9.5,8.6,9.5,8.5,8.7,8.6,8.9,8.9,9.2,9,8.9,9.1,8.8,8.1,8.7,8.2,8.5,8.2,8.4,8.8,8.4,9.1,8.9,8.7,8.7,8.2,8.2,8,8.3,8.2,7.9,8.2,8.3,8.1,7.8,7.9,7.4,7.2,7.1,7,6.9,7.1,6.5,6.6,6.8,6.4,6.6,6.6,6,6.3,6,6,5.9,5.9,5.7,5.9,5.8,5.8,5.7,5.7,5.4,5.2,5.1,5,5,4.7,5.1,5.2,5.1,5.2,5.1,4.9,5,4.7,4.6,4.9,4.6,5,4.7,4.9,5.1,4.6,5.3,5.8,6.3,6.5,6.6,6.5,6.3,6.1,6.1,6.3,6.5,6,6.2,6.1,5.4,5.1,4.8,5.3,5.4,5.3,5.7,5.8,6.2,6.2,6.1,5.8,5.4,5.4,5.1,5.4,5.3,5.4,5.7,5.8,5.9,5.8,5.6,5.6,5.4,5.4,5.4,5.5,5.3,5.3,5.7,5.8,6,5.9,
M,NSA,TOTAL,PC_ACT,T,SE,6.5,6.5,6.1,5.9,5.5,5.8,5.6,5.7,5,4.9,5.1,4.6 d,6.6 b,6.2,6.3,5.8,6.1,6.9,5.6,5.5,5.5,5.8,5.5,5.7,6.4,6.2,6.3,6.2,6.2,6.9,5.8,5.5,5.9,5.6,5.7,6.1,7,6.4,6.8,6.6,6.7,7.7,6.2,6.4,6.2,6.4,6.9,6.9,7.5,8,7.9,7.5,8,8.8,6.8,6.8,7.5,6.7,7,7.3,8.5,8.6,8,8.0 b,8.3,9.6,7.7,7.4,7.1,7.5,6.7,7.5,8.4,7.5,8.1,8.2,7.5,8.6,6.6,6.5,6.2,6.2,6,6.2,7.1,6.6,7.1,6.6,6.2,7.9,5.5,5.4,5.7,5.8,5.3,5.7,6.5,6.2,6.4,6.1,6,8.2,5.9,5.3,6,5.8,6.4,6.5,7.4,8.1,8.4,8.4,9.2,9.9,8,8,8.4,8.3,8.2,8.7,9.7,9.4,9.5,9.9,9.2,9.7,8.3,7.7,8,7.8,7.5,7.7,8.5,8.3,8.5,8.3,8.2,9.3,7.3,7.1,7.1,7.3,7.2,7.4,8.5,8.3,8.1,8.1,8.7,9.1,7.5,7.6,7.7,7.6,7.9,7.7,8.5,8.6,8.9,8.9,8.3,9.2,7.3,7.4,7.6,7.4,7.6,7.6,8.8,8.6,8.7,8.8,8.1,9.3,7.2,7.5,7.3,7.6,7.5,7.1,8.5,8.5,8.1,8.5,8.1,8.6,6.6,6.5,6.8,6.8,6.4,6.8,7.6,7.7,7.9,7.4,7.7,7.7,6.4,6.7,6.2,6.5,6.3,6.6,7.5,7.5,6.9,7.3,7.3,7.4,6.6,6.1,6.3,6.4,5.9,6.2,7.2,6.4,6.6,6.9,6.6,7.3,6.2 b,6.1,5.9,5.8,6,6.2,6.7,7.4,7.8,6.9,7.3,7.3,7,7,6.1,6.2,7,6.2,7.7,8.3,7.3,8.5,9.2,10,9.1,9,8.4,8,7.8,8.5,9.4,9.7,10.2,9.4,9.8,10.5,8,8.6,8.4,7.7,7.6,7.4,8.4,7.9,8.2,8.2,8.5,8.6,6.5,6.6,6.5,7.1,6.4,6.9,7.6,8.2,7.7,7.5,7.9,9.3,6.2,7.7,7.7,7.4,7.1,7.7,8.5,
M,NSA,TOTAL,PC_ACT,T,SI,7.2,7.1,7,7,7,6.8,6.8,6.5,6.3,6.4,6.4,6.4,6.5,6.4,6.2,5.9,5.7,5.5,5.6,5.7,6.1,6.6,7,7.1,7.2,6.9,6.6,6.2,6,5.7,5.9,6,6.1,6.4,6.5,6.6,7,7.1,6.9,6.7,6.5,6.3,6.5,6.6,6.6,6.8,6.6,6.8,7,6.9,6.7,6.3,6,5.8,5.8,6,6.1,6.4,6.4,6.7,6.9,6.9,6.6,6,5.7,5.6,6.1,6.3,6.7,7.2,7.3,7.2,7.2,7,6.6,6.2,5.8,5.6,5.7,5.6,5.4,5.6,5.6,5.6,6,5.8,5.3,4.8,4.5,4.4,4.5,4.4,4.3,4.7,4.7,4.9,5.3,5.1,4.8,4.3,4.1,4,4.2,4.1,4,4.2,4.2,4.4,5.2 b,5.4,5.4,5.4,5.5,5.7,6.1,6.2,6.1,6.4,6.3,6.5,7,7.2,7.2,7.2,7.1,7,7,7.1,7,7.5,7.6,8.2,8.5,8.5,8.3,8,7.7,7.6,7.8,7.7,8,8.6,8.7,8.8,8.8,8.6,8.2,8.1,8.1,8.4,9.1,9.3,9.1,9.4,9.2,9.9,11,11.2,11.1,10.8,10.3,9.8,9.6,9.5,9.2,9.4,9.4,10,10.9,11,10.4,9.6,9.2,9,9.2,9.3,9.2,9.5,9.4,9.7,10,9.8,9.6,9.4,9.2,9,8.8,8.6,8.2,8.3,8.2,8.7,9.1,8.9,8.6,8.1,7.8,7.5,7.4,7.3,7.3,7.9,8,8.2,8.3,7.9,7.2,6.7,6.4,6.3,6.4,6.4,6,5.9,5.6,5.8,6.1,6,5.7,5.4,5.2,5,5.2,5.1,4.7,4.5,4.2,4.4,5,4.9,4.6,4.2,4.1,4.3,4.8,4.9,4.6,4.2,3.8,3.9,4.5,4.6,4.6,5.1,5.2,5.1,5.2,5.3,4.9,4.9,5,5.4,6,5.8,5.2,4.6,4.3,4.2,4.5,4.6,4.5,4.7,4.5,4.4,4.5,4.3,4.2,4.3,4.3,4.2,4.2,4.1,3.8,3.6,3.4,3.4,3.8,3.8,3.7,3.6,3.6,3.7,3.9,4,3.7,3.6,3.3,3.2,3.5,
M,NSA,TOTAL,PC_ACT,T,SK,19,19.3,19.4,19,19,19.6,20,18.5,18,17.8,18.3,19,20.2,20.1,19.9,19.7,19.3,19.6,19.6,19.3,18.9,18.7,18.9,19.3,19.9,19.7,19.4,18.9,18.8,18.9,18.9,18.5,18.1,17.9,18.1,18.6,19,18.7,18.3,17.5,17.1,17.2,17.3,17.3,17,16.9,17.4,18.6,19.5,19.7,19.6,19.2,18.7,18.3,18,17.5,17.6,17.2,17.3,17.7,18,17.7,17.5,16.8,16.4,16.2,15.9,15.6,16,15.6,15.3,15.5,15.5,15.1,14.6,14,13.5,13.3,13.2,12.9,12.9,12.4,12.1,12.1,12,11.7,11.5,11.3,11.2,11.4,11.5,11.3,11.4,10.7,10.4,10.4,10.6,10.6,10.4,10.3,10.2,9.8,9.3,8.8,8.8,8.5,8.6,9,9.9 b,10.5,11,11.1,11.3,11.7,12.1,12.4,13.3,13.5,13.9,14.3,15.2,15.3,15.1,14.6,14.3,14.3,14.2,14,14.3,14,13.9,13.9,14.1,14.1,13.8,13.4,13.1,13.1,13.1,13.1,13.6 d,13.8,14,14.1,14.1,14,13.9,13.7,13.5,13.5,13.6,13.6,13.8,14.2,14.4,14.5,14.6,14.5,14.3,14,13.8,14,14,13.8,14.2,14.2,14.1,14.1,14.2,14.1,13.7,13.3,13,12.9,12.9,12.8,12.7,12.6,12.5,12.5,12.7,12.4,12,11.4,11.1,11.1,11.3,11.2,11.4,11.2,11,10.8,10.6,10.4,10.1,9.8,9.6,9.5,9.5,9.5,9.5,9.3,9.1,9,8.8,8.7,8.4,8.3,8.1,7.8,7.9,7.9,8,7.9,7.7,7.5,7.3,7,6.8,6.7,6.6,6.5,6.4,6.3,6.3,6.2,6.1,5.9,5.9,5.8,5.6,5.6,5.6,5.7,5.8,5.8,5.9,5.7,5.6,5.6,6,6,5.8,6.4,6.6,6.7,7.2,7.2,7.1,7,6.9,7,7.1,7.1,7.1,7,6.9,6.9,6.8,6.7,6.7,6.6,6.5,6.5,6.5,6.4,6.2,6.2,6.1,6.1,6.1,6,6.1,6,6,6.1,6.3,6.2,6,5.8,5.6,5.7,5.9,5.9,5.9,5.7,5.6,5.6,5.7,
M,NSA,TOTAL,PC_ACT,T,TR,,,,,,,,,,,,,,,,,,,,,,,,,,,,,,,,,,,,,,,,,,,,,,,,,,,,,,,,,,,,,10.4,10.4,10,9.3,8.8,8.7,8.7,9,9.2,9.4,9.8,10.4,10.8,10.9,10,9.1,8,8.1,8.2,8.6,8.4,8.4,8.8,9.5,9.9 b,10.3,9.5,9,8.3,8.3,8.4,8.7,8.9,9.2,9.5,9.9,10.4,10.8,10.1,9.1,8.4,8.7,9.1,9.3,9.8,10.3,11.6,12.7,14.1,14.8,14.7,13.8,12.7,12.2,12.1,12.6,12.5,12.2,12.2,12.6,13.6,13.5,12.8,11.3,10.3,9.9,9.9,10.6,10.6,10.5,10.2,10.6,11.1,10.7,10.1,9.3,8.8,8.6,8.6,8.5,8.2,8.4,8.4,9,9.3,9.6,9.1,8.2,7.6,7.3,7.6,8,8.3,8.3,8.6,9.3,9.7,9.7,9.4,8.7,8.2,8.1,8.6,9,9.2,9.1,9.3,9.6,10.5 b,10.5,9.4,8.8,8.4,9,9.7,10.1,10.1,10.9,10.5,10.8,11.9,11.7,10.4,9.6,8.9,9.6,10,10,10.3,10.5,10.2,10.9,11.5,11,10.1,9.1,9,10.1,11,11,11.8,11.9,11.6,12.8,13.5,12.9,11.7,10.5,9.7,10.4,10.6,10.6,10.4,10.5,10,10.3,11,10.8,9.8,9.3,9.4,10.2,10.7,11.2,11.4,11.7,12,13.3,15.1,15,13.9,12.8,12.5,13.4,14.1,14.2,14,13.3,12.9,13.6,14.1,13.5,13,12.8,12.6,13,14.6,13,12.4,12.8,12.9,13,13.4,14.1,13.1,12.9,12.4,10.4,12.1,12,11.1,10.7,10.9,11.3,12.1,11.4,11.4,10.6,10.1,9.7,10.6,9.8,9.9,9.9,9.9,10.4,10.3,10.6,10.3,10,8.8,9,9.7,9.2,8.9,8.2,8.8,8.9,,
M,NSA,TOTAL,PC_ACT,T,UK,5.6,5.7,5.6,5.4,5.3,5.3,5.4,5.5,5.4,5.3,5,4.9,5,5,4.8,4.6,4.7,5,5.3,5.3,5.2,5.1,5,5,5,5.1,5.1,5,5,5.2,5.4,5.5,5.3,5.2,5,4.8,5,5.1,5,4.8,4.7,5.1,5.2,5.2,5.1,4.9,4.7,4.6,4.6,4.7,4.7,4.5,4.6,4.8,4.9,4.9,4.8,4.7,4.6,4.6,4.7,4.7,4.6,4.5,4.5,4.7,4.8,4.9,5.1,5.1,5,4.9,5,5.2,5.2,5.2,5.3,5.5,5.6,5.7,5.6,5.4,5.3,5.2,5.4,5.5,5.4,5.2,5.2,5.3,5.5,5.5,5.4,5.2,4.9,4.8,5,5.1,5.2,4.9,5.2,5.5,5.9,6.1,6.1,6.1,6.1,6.2,6.7,7.1,7.2,7.4,7.6,7.9,8,8,8,7.8,7.5,7.4,7.9,8.1,7.9,7.6,7.6,7.8,7.9,7.9,8,7.8,7.6,7.6,7.8,7.8,7.6,7.6,7.8,8.1,8.3,8.5,8.5,8.4,8.2,8.1,8.2,8.2,8.1,7.8,7.8,8,8,8,8,7.8,7.6,7.6,7.9,7.8,7.7,7.5,7.6,7.7,7.9,7.9,7.6,7.1,7,6.9,6.8,6.8,6.5,6.2,6.1,6.2,6.2,6.2,6.1,5.8,5.4,5.4,5.5,5.5,5.4,5.4,5.5,5.5,5.6,5.5,5.4,5,4.8,4.8,5,5.1,4.9,4.7,4.8,4.9,5,4.9,4.9,4.7,4.5,4.5,4.6,4.6,4.4,4.2,4.3,4.4,4.4,4.4,4.4,4.2,4.2,4.1,4.2,4.2,4.1,3.9,3.8,4,4.1,4.2,4.2,4,3.8,3.7,3.8,3.8,3.7,3.6,3.8,3.8,4,4,3.9,3.7,3.5,3.6,3.9,3.9,3.8,3.7,3.8,4.1,4.6,4.9,5.1,,,,,,,,,,,,,,,,,,,,,,,,,,,,,,,,,,,,,,,,,
M,NSA,TOTAL,THS_PER,T,AT,190,205,200,160,119,113,118,129,142,135,133,142,159,171,177,164,135,130,130,139,152,149,152,168,195,209,211,180,138,134,139,152,165,158,157,168,192,207,219,206,169,164,161,172,182,180,182,196,254 b,258,269,240,205,206,204,214,227,233,220,223,243,257,273,233,235,231,241,221,229,243,244,228,269,281,283,232,197,231,222,194,202,206,208,215,229,259,237,227,221,199,223,220,187,198,203,177,206,226,211,166,165,153,170,188,163,169,199,206,229,238,249,247,219,227,257,232,257,228,261,222,233,263,271,229,205,212,210,205,209,204,196,194,227,282,232,208,199,180,183,169,177,211,228,210,202,264,228,210,214,221,221,228,227,214,231,222,280,282,293,235,222,219,247,228,244,240,257,242,299,290,306,239,233,266,256,236,259,250,262,261,284,297,301,272,265,258,255,248,263,246,292,268,325,338,306,277,294,284,283,296,278,268,272,264,300,323,308,261,261,233,258,251,252,240,263,255,286,276,264,236,199,217,235,229,230,235,207,232,251,271,258,224,212,196,211,217,196,214,182,211,215,248,242,264,299,335,287,274,277,258,257,301,379,371,331,330,291,268,262,262,211,255,227,217,242,262,220,205,205,184,203,233,229,200,249,222,267,272,234,243,208,223,256,242,243,228,221,252,257,
M,NSA,TOTAL,THS_PER,T,BE,327,314,298,295,283,276,303,323,314,310,295,285,274,265,262,272,269,257,269,281,298,326,324,332,330,325,318,307,299,296,332,339,345,355,358,363,366,361,352,346,334,331,365,371,375,379,377,390,401,394,372,334,320,334,400,427,423,395,373,377,391,398,393,375,371,364,400,406,407,397,389,394,399,401,396,392,384,370,380,377,378,376,373,374,379,376,371,375,360,338,352,344,330,334,333,343,350,341,320,302,287,304,370,385,365,333,313,330,382 b,382,378,369,353,359,396,404,395,385,386,409,433,427,416,403,389,392,432,433,421,406,389,378,361,342,331,324,321,327,376,390,377,358,348,346,358,356,349,346,341,342,373,390,394,406,412,419,427,423,419,416,406,402,436,438,432,426,423,429,442,436,428,418,406,403,439,443,439,435,432,435,447,447,443,430,412,403,417,420,424,440,442,440,424,409,401,401,389,384,400,397,379,365,360,366,385 b,387,376,360,345,340,369,369,351,335,317,311,310,307,307,314,304,295,310,301,290,292,289,290,290,283,279,279,271,265,279,275,268,266,262,266,268,259,249,241,237,258,319,346,331,295,286,300,333,344,340,324,310,310,343,352,333,314,298,291,282,276,280,295,296,292,301,302,296,300,300,303,305,299,294,290,284,280,296,300,299,298,290,295,299,
M,NSA,TOTAL,THS_PER,T,BG,490,523,547,560,561,554,558,569,574,583,597,613,643,674,686,703,693,673,668,663,651,653,667,665,686,672,645,640,626,609,608,606,599,594,564,525,539,498,478,471,464,452,441,432,419,414,417,418,441,433,425,424,411,396,380,374,376,396,399,391,385,364,351,347,336,325,316,315,317,332,332,332,332,317,306,312,310,313,319,317,303,292,291,291,291,277,258,247,238,236,242,239,229,220,212,219,235,234,223,219,209,199,195,187,178,174,173,191,255 b,263,268,267,261,262,270,275,281,293,312,333,364,385,390,394,380,367,360,362,378,406,429,437,445,436,424,422,405,391,383,381,382,399,421,436,452,456,454,454,439,434,435,426,423,440,454,459,483,490,492,491,466,451,450,440,445,465,474,476,478,464,453,433,411,398,404,401,401,396,387,375,381,377,384,381,364,343,328,313,296,292,294,296,308,312,316,312,299,286,273,261,252,249,245,246,254,258,258,256,246,241,241,237,226,223,222,221,224,220,220,221,217,209,208,203,194,189,184,187,200,201,194,186,176,167,164,159,157,166,172,175,182,175,184,235,229,207,195,191,195,205,205,207,209,204,199,195,185,168,157,150,144,146,149,145,145,143,143,145,143,128,117,110,106,109,114,124,131,135,139,145,142,136,130,124,121,126,128,131,140,
M,NSA,TOTAL,THS_PER,T,CH,,,,,,,,,,,,,,,,,,,,,,,,,,,,,,,,,,,,,,,,,,,,,,,,,,,,,,,,,,,,,,,,,,,,,,,,,,,,,,,,,,,,,,,,,,,,,,,,,,,,,,,,,,,,,,,,,,,,,,,,,237,241,233,213,201,200,217,223,216,191,184,193,210,212,205,185,170,173,200,213,211,197,199,206,208,207,202,188,181,183,205,218,218,208,213,224,237,240,231,214,205,204,221,231,225,203,200,216,245,252,244,226,215,213,234,243,235,206,199,208,223,226,224,214,207,211,237,251,249,231,231,243,258,262,254,230,218,220,241,253,249,223,219,231,256,261,250,221,208,211,237,249,243,219,217,230,255,260,251,236,226,217,214,218,218,220,226,235,246,247,236,214,202,201,221,231,222,193,187,198,220,222,224,219,220,229,254,265,260,241,241,257,285,292,283,257,242,239,255,258,247,223,216,222,231,230,222,208,198,197,210,215,212,203,204,210,219,220,211,191,182,186,205,217,219,201,197,205,,
M,NSA,TOTAL,THS_PER,T,CY,15,16,16,16,15,15,16,15,13,12,15,15,15,13,12,12,12,14,14,12,11,11,13,12,12,11,10,10,10,12,12,12,11,11,13,13,13,13,13,14,13,15,16,14,13,13,15,16,15,15,15 d,15,14,17,17,17,16,15,19,20,20,20,20,18,19,22,20,19,17,16,21,21,24,23,20,15,15,16,16,15,14,14,17,18,20,20,16,13,13,13,16,17,14,12,14,15,19,19,17,13,11,13,15,14,13,12,13,15,17,18,20,20,21,22,23,22,22,22,26,27,30,31,31,27,26,28,27,25,22,21,24,25,31,34,33,31,31,32,33,33,34,35,41,41,47,48,49,48,50,50,56,51,51,51,57,59,71,71,66,67,65,68,71,71,69,66,72,70,71,72,76,68,64,67,72,70,66,63,74,73,77,77,73,63,59,62,66,62,55,48,55,54,56,58,56,50,48,52,56,56,52,49,57,57,58,58,55,47,44,45,45,44,39,36,46,48,50,48,42,33,30,33,37,36,32,27,36,37,40,40,38,30,27,30,33,31,26,22,32,31,34,33,32,30,30,32,36,39,36,36,37,38,38,39,39,37,40,41,35,33,26,25,32,32,31,31,32,32,31,36,36,35,28,27,38,37,34,34,32,29,28,31,32,30,24,22,31,34,36,
M,NSA,TOTAL,THS_PER,T,CZ,499,499,484,467,455,428,451,451,429,432,438,421,447,445,418,418,402,403,419,433,421,388,405,417,385,401,389,346,362,365,360,384,370,358,386,380,379,391,394,379,390,384,405,407,414,408,414,422,448,466,418,426,432,399,415,433,413,442,425,393,443,441,403,412,401,393,400,408,407,406,399,409,429,394,419,369,351,381,364,356,376,339,334,345,325,311,298,285,271,268,275,260,265,263,241,254,255,249,229,224,206,230,224,218,230,214,226,252,287,312,310,328,341,332,369,407,385,376,392,387,422,442,404,380,382,362,385,382,355,369,361,359,377,388,353,361,347,347,349,336,343,338,330,338,356,387,365,358,351,343,368,387,350,374,399,365,374,418,386,363,382,339,355,388,366,337,369,360,347,363,364,322,316,317,300,338,300,286,325,305,316,327,308,275,254,256,270,255,247,241,232,237,241,235,217,211,198,220,230,198,211,200,186,191,192,187,174,178,149,149,154,150,144,139,126,122,140,137,112,120,116,118,123,136,122,108,101,123,116,99,114,108,106,93,117,113,114,115,109,103,114,103,101,113,128,138,160,153,148,166,153,166,179,176,183,171,161,143,144,156,137,130,110,115,129,141,121,127,124,126,124,135,114,111,142,113,140,138,137,143,122,142,147,132,138,152,116,145,167,
M,NSA,TOTAL,THS_PER,T,DE,,,,,,,,,,,,,,,,,,,,,,,,,,,,,,,,,,,,,,,,,,,,,,,,,,,,,,,,,,,,,,,,,,,,,,,,,,,,,,,,,,,,,3756,3867,3686,3490,3446,3357,3421,3447,3321,3198,3331,3360,3312,3270,3251,3213,2937,3152,3022,2931,2697,2626,2775,3030,2838 b,3106,3004,2951,2844,2872,2946,2974,2826,2691,2723,2762,3008,3031,2860,2692,2580,2497,2562,2472,2437,2448,2366,2439,2574,2470,2432,2208,2150,2251,2271,2264,2008,1958,2087,2060,2360,2219,2047,1977,2109,1987,2156,2044,1944,1959,1977,1993,2219,2268,2108,1993,1985,2042,2009,1938,1961,1956,1918,1892,2136,2097,2066,1975,1858,1866,1817,1963,1898,1876,1943,1770,1915,2050,1874,1882,1752,1789,1779,1700,1680,1716,1791,1760,1737,1862,1803,1665,1660,1674,1688,1647,1509,1580,1553,1404,1613,1726,1572,1644,1439,1448,1462,1525,1449,1487,1354,1391,1440,1518,1406,1406,1364,1388,1343,1375,1330,1303,1298,1229,1377,1275,1404,1271,1212,1232,1257,1309,1245,1233,1259,1284,1343,1508,1565,1547,1509,1620,1697,1669,1625,1500,1521,1509,1757,1798,1695,1659,1577,1527,1459,1448,1445,1363,1385,1318,1428,1396,1287,1386,1288,1260,1475,1358,1291,1331,1323,1290,1352,1353,1289,1352,1248,1325,1308,1415,1314,1404,1357,1306,1382,
M,NSA,TOTAL,THS_PER,T,DK,160,137,128,121,118,116,115,121,116,111,111,113,134,132,128,120,115,119,126,141,138,137,134,131,142,130,125,123,121,123,131,145,140,134,129,128,151,151,153,152,154,157,155,164,159,154,152,156,184,176,168,155,145,152,163,173,166,150,142,143,171,165,161,146,134,134,139,142,133,121,115,115,132,131,128,121,113,109,107,111,106,100,101,108 d,123,127,114,108,105,109,121,116,111,95,95,91,100,109,112,93,96,106,113,111,106,103,129,110,172,157,168,179,168,213,177,209,199,197,204,191,237,237,239,226,209,224,229,221,211,227,206,215,257,237,238,214,218,200,243,226,196,231,222,208,244,243,222,244,239,211,218,239,217,211,201,195,254,213,217,241,180,201,221,212,209,187,205,182,240,204,192,193,186,184,192,216,204,190,185,193,193,195,194,190,170,170,200,187,168,178,163,171,185,188,182,178,175,159,198,182,164,181,166,153,195,199,182,175,166,158,177,191,172,155,159,145,169,148,175,153,143,147,153,161,134,146,148,162,162,165,164,161,141,124,139,165,152,150,159,145,149,169,153,126,152,188,195,210,178,176,180,170,189,193,196,151,147,134,128,173,147,147,127,131,155,144,123,123,122,122,148,157,140,141,149,143,143,182,146,150,143,138,179,147,144,170,156,152,190,
M,NSA,TOTAL,THS_PER,T,EA20,13851,14159,13992,13502,13075,13031,13080,12845,12547,12728,12658,12567,12637,12920,12815,12427,12147,12123,12224,12137,11990,12371,12488,12566,12849,13271,13234,12939,12709,12736,12908,12831,12692,13063,13233,13456,14098,14504,14520,14089,13676,13612,13611,13537,13420,13908,14057,14184,14864,14814,14911,14372,14129,13913,13764,14001,14343,14586,14872,14751,15143,15386,15305,14435,14353,13975,13427,13767,14160,14461,14275,14143,14668,14620,14312,13626,13160,12889,12535,12725,12862,13078,13208,12797,13039,13118,12606,12052,11944,11506,11621,11629,11712,11789,11983,12006,12385,12342,12125,12129,11790,11962,11676,11819,12023,12495,13051,13552,14529,15275,15505,15457,15086,14955,15003,15093,15579,15957,16190,16190,17114,17301,16990,16745,16362,15841,15710,15551,15994,16469,16401,16323,16837,16892,16799,16047,15958,15662,15735,15901,16287,16832,17457,17452,18278,18582,18651,18338,18283,17925,17989,17945,18473,19216,19577,19310,20574,20690,20301,19900,19568,19027,18834,18765,19244,19555,19744,19185,20237,20282,19881,19180,18842,18032,18011,17953,18482,18961,19322,18452,19031,19162,18923,18245,17828,17469,16840,16578,17034,17471,17516,17218,17595,17748,17403,16853,16508,16142,15769,15722,15922,16176,16423,15856,16404,16330,15947,15332,14873,14323,14342,14389,14401,14581,14507,14239,14884,14783,14449,14007,13421,13109,12819,12745,12921,13350,13246,12818,13623,13495,13150,12736,12306,11961,12123,12059,12253,12373,12419,12327,12899,12658,11944,11604,11804,12636,13721,14114,14181,13753,13160,13189,13999,13987,13588,13475,13023,12600,12430,12463,12188,12137,11734,11530,11955,11814,11526,11286,10948,10806,11015,11293,11185,11255,11187,11223,11700,11607,11304,11031,10655,10521,10879,11152,11073,11375,11088,10922,11452,
M,NSA,TOTAL,THS_PER,T,EE,,109,103,101,90,87,90,99,100,101,103,102,101,95,95,91,88,81,88,86,90,81,84,80,79,79,74,66,66,68,70,70,77,88,84,87,77,74,73,69,76,69,69,67,61,65,62,73,73,69,66,63,69,61,65,70,70,71,64,66,64,64,57,55,57,53,49,47,50,50,48,50,51,45,44,37,43,42,40,37,38,41,38,37,38,36,36,33,34,32,29,28,27,28,28,30,29,28,28,28 d,27,30,36,44,47,47,52,65,72 b,77,83,86,90,91,97,100,97,103,106,118,128,134,135,131,125,117,107,104,102,99,93,98,101,98,97,90,89,89,81,75,74,78,78,75,76,77,78,69,69,69,68,66,60,61,62,66,69,67,63,56,55,54,52,53,55,57,59,58,60,57,54,52,48,47,48,51,49,45,43,44,46,45,47,48,46,42,38,38,40,42,45,45,46,45,47,46,45,48,49,53,49,49,46,44,42,39,40,43,46,44,40,36,38,37,39,43,47,47,42,36,36,35,37,36,38,35,31,30,30,32,33,35,36,33,29,28,30,29,29,32,35,36,38,44,50,56,53,54,55,56,54,50,51,49,46,45,47,47,44,40,38,35,36,38,42,40,40,39,42,43,42,41,38,38,39,38,38,38,44,46,50,54,57,55,48,45,47,51,52,
M,NSA,TOTAL,THS_PER,T,EL,551,577,545,520,522,496,485,512,497,467,519,510,502,527,497,479,481,456,450,476,462,473,527,520,516,543,512,469,472,445,447,473,456,445,494,488,480,506,477,449,451,425,428,453,436,441,489,482 d,580,543,552,526,507,488,500,507,493,489,525,529,512,516,523,491,482,472,479,496,485,479,501,485,473,527,465,444,462,415,404,440,419,389,463,477,439,456,482,424,389,413,393,381,421,396,379,447,396,404,455,392,339,370,356,362,374,372,392,442,497 b,486,486,495,439,447,495,468,474,513,558,531,599,633,602,623,620,601,639,631,647,703,721,765,777,818,847,793,862,805,834,958,876,981,1055,1070,1066,1138,1170,1136,1156,1215,1187,1253,1263,1240,1349,1317,1360,1361,1355,1380,1346,1301,1330,1334,1323,1303,1387,1348,1321,1402,1329,1283,1315,1245,1221,1233,1236,1225,1222,1293,1264,1241,1316,1216,1132,1192,1179,1107,1179,1186,1169,1194,1236,1194,1203,1142,1132,1102,1101,1140,1079,1100,1167,1160,1155,1163,1098,1056,1065,983,978,986,959,993,1049,1026,1015,1062,996,961,932,878,888,904,851,890,949,889,968,973,885,889,831,778,812,807,781,794,834,810,801,775,765,793,842,863,729,786,777,776,802,776,742,730,764,790,727,680,637,626,582,609,643,601,660,665,616,592,615,568,559,569,539,532,549,594,540,546,565,559,529,512,524,566,454,484,490,492,532,
M,NSA,TOTAL,THS_PER,T,ES,2258,2214,2160,2098,2052,2042,2045,2060,2074,2087,2069,1983,1960,1961,1924,1862,1870,1836,1836,1885,1889,1915,1952,1964,2099,2208,2151,2124,2087,2099,2158,2207,2223,2224,2239,2233,2325,2336,2324,2252,2187,2209,2220,2254,2268,2274,2277,2279,2328,2315,2286,2293,2232,2218,2178,2213,2208,2196,2200,2134,2150,2118,2096,2067,1961,1880,1799,1779,1772,1828,1874,1879,1940,1946,1943,1893,1830,1780,1755,1776,1770,1804,1833,1821,1875,1867,1848,1809,1755,1756,1757,1823,1839,1884,1949,1993,2130,2207,2234,2330,2385,2442,2475,2595,2732,2974,3210,3437,3788,4049,4217,4214,4148,4057,4031,4119,4214,4293,4334,4378,4517,4631,4705,4720,4664,4582,4514,4590,4653,4705,4715,4686,4843,4937,4983,4896,4829,4807,4868,4985,5140,5258,5306,5297,5534,5703,5767,5760,5755,5678,5733,5816,5923,6012,6062,5990,6213,6321,6300,6183,6048,5911,5912,5937,5981,6029,5979,5800,5942,5938,5920,5775,5632,5461,5424,5416,5443,5516,5478,5379,5464,5459,5412,5293,5152,5002,4870,4845,4838,4861,4780,4697,4778,4817,4779,4710,4583,4431,4329,4319,4314,4285,4272,4157,4258,4277,4231,4065,3914,3764,3706,3729,3760,3796,3786,3718,3812,3820,3756,3620,3493,3358,3307,3331,3340,3354,3315,3244,3337,3367,3359,3292,3227,3173,3187,3235,3221,3229,3194,3153,3292,3245,3402,3392,3307,3405,3587,3777,3805,3772,3713,3673,3672,3678,3611,3594,3534,3503,3470,3442,3339,3207,3079,3025,3147,3191,3187,3022,2878,2858,2895,2990,3055,3036,3023,3013,3154,3170,3059,2840,2737,2711,2793,2867,2906,2887,2823,2781,2882,
M,NSA,TOTAL,THS_PER,T,EU27_2020,19203,19680,19531,18953,18396,18276,18287,18020,17656,17870,17898,17905,18385,18763,18678,18233,17861,17836,17851,17760,17571,17950,18164,18397,18977,19452,19398,18970,18579,18676,18812,18738,18517,18777,18901,19123,19967,20350,20332,19739,19236,19174,19149,19101,18911,19378,19593,19854,20949,20801,20802,20083,19631,19437,19174,19439,19701,19966,20243,20197,20787,21098,20900,19837,19644,19306,18581,18886,19189,19550,19252,19138,19792,19582,19174,18272,17597,17345,16938,17066,17148,17208,17258,16857,17067,17059,16369,15632,15335,14949,14955,14909,14963,14970,15094,15158,15593,15479,15158,15016,14602,14884,14433,14524,14730,15212,15833,16503,17956,18894,19168,19020,18647,18622,18657,18867,19392,19708,20063,20212,21615,21923,21576,21084,20577,20054,19829,19660,20066,20564,20526,20505,21295,21308,21145,20310,20105,19804,19841,19984,20367,20979,21652,21751,22791,23114,23118,22716,22609,22200,22247,22224,22725,23456,23895,23688,25248,25415,24995,24520,23952,23434,23077,23026,23454,23719,23956,23407,24691,24697,24217,23301,22762,21981,21748,21739,22148,22602,23044,22106,22922,23083,22718,21915,21288,20893,20170,19874,20287,20673,20681,20410,20882,21000,20585,19894,19466,19040,18641,18525,18682,18852,19036,18463,19101,19037,18581,17928,17414,16813,16783,16794,16764,16875,16738,16441,17190,16986,16620,16117,15454,15184,14885,14832,14924,15331,15228,14840,15735,15616,15245,14715,14211,13813,14023,13952,14103,14164,14271,14130,14835,14687,13930,13767,14096,15048,16097,16461,16423,15948,15354,15498,16457,16538,16145,15827,15304,14820,14507,14599,14228,14149,13701,13539,14094,13924,13545,13236,12891,12737,12894,13195,13071,13174,13133,13161,13722,13694,13325,12989,12589,12561,12807,13109,13055,13447,13119,13027,13712,
M,NSA,TOTAL,THS_PER,T,FI,264,284,282,283,322,280,210,219,234,225,224,210,248,248,247,267,304,256,204,207,223,214,226,208,252,242,243,270,324,247,213,214,207,218,210,208,243,229,257,272,306,264,213,202,204,210,208,209,241,229,242,272,313,241,212,209,183,203,207,195,249,237,219,260,274,239,197,188,184,185,207,198,226,219,211,225,275,225,179,185,179,187,175,168,195,197,203,191,232,209,161,162,168,164,161,158,181,168,180,165,247,195,144,151,158,155,161,161,187 b,204,221,239,309,254,206,204,195,219,223,205,254,243,243,249,289,251,211,198,186,197,188,207,221,224,256,222,270,242,194,177,182,186,168,194,209,203,229,222,270,221,191,201,187,182,194,184,233,235,237,240,301,216,185,191,195,192,212,205,224,243,255,241,297,254,191,199,218,219,211,230,232,270,274,276,320,280,227,223,224,232,214,238,245,250,271,258,291,261,218,200,200,216,218,207,240,248,258,275,296,250,206,200,219,201,185,226,239,234,241,230,258,199,181,182,171,173,165,143,184,196,189,219,251,179,164,167,161,166,161,161,192,185,195,214,300,214,206,212,203,201,188,203,237,224,223,262,295,220,202,179,191,164,164,187,205,185,192,193,227,200,190,187,189,162,164,187,211,186,193,222,266,211,195,192,198,190,190,199,231,
M,NSA,TOTAL,THS_PER,T,FR,,,,,,,,,,,,,,,,,,,,,,,,,,,,,,,,,,,,,2425 b,2417,2386,2363,2291,2203,2147,2193,2298,2471,2567,2605,2651,2608,2526,2440,2375,2284,2269,2392,2439,2577,2657,2599,2589,2512,2455,2439,2424,2341,2329,2461,2496,2629,2699,2670,2749,2705,2621,2540,2463,2373,2372,2493,2438,2480,2480,2449,2569,2537,2443,2348,2266,2143,2127,2217,2194,2260,2254,2174,2209,2134,2097,2091,2055,1985,1959,2071,2099,2241,2358,2386,2544,2605,2633,2661,2645,2500,2432,2570,2616,2830,2924,2854,2927,2860,2764,2710,2663,2524,2462,2608,2615,2738,2825,2784,2854,2803,2697,2639,2587,2495,2467,2592,2601,2775,2876,2857,2948,2904,2847,2821,2799,2679,2624,2752,2810,3036,3162,3138,3250,3192,3124,3079,3016,2902,2838,2919,2965,3050,3140,3106,3197,3155,3065,2967,2922,2825,2809,2960,3000,3145,3258,3203,3247,3187,3109,3043,3029,2914,2885,3046,3004,3113,3169,3133,3228,3211,3063,2938,2879,2772,2750,2950,2907,3063,3107,3040,3042,2954,2859,2765,2741,2665,2721,2881,2739,2775,2768,2768,2922,2890,2784,2660,2607,2519,2563,2739,2647,2695,2697,2692,2772,2700,2588,2451,2404,2350,2395,2557,2444,2512,2530,2524,2620,2414,2205,2090,1863,1957,2465,2827,2733,2538,2458,2397,2512 d,2502,2412,2358,2274,2214,2327,2523,2372,2326,2291,2273,2319,2285,2232,2201,2178,2131,2182,2359,2217,2262,2228,2217,2268,2213,2151,2140,2146,2108,2228,2433,2319,2383,2385,2381,2430,
M,NSA,TOTAL,THS_PER,T,HR,272,275,279,280,278,273,279,283,291,298,302,301,304,303,299,291,280,270,270,269,273,277,277,283,293,294,293,286,275,268,267,264,264,265,262,263,266,266,265,260,250,244,244,241,246,253,259,262,269,271,271,263,252,243,241,241,246,251,254,257,263,264,261,252,240,231,227,224,227,232,235,236,240,238,235,226,212,201,198,198,204 d,211,211,210,213,211,205,195,184,175,187,186,177,181,183,184,189,188,183,173,162,153,152,150,153,158,161,166,176,182,185,181,174,166,168,168,175,186,194,201,216,224,227,221,214,210,209,212,221,236,245,254,268,273,270,254,247,240,243,243,243,253,261,274,292,301,301,289,276,266,271,274,284,304,317,328,343,347,341,329,308,293,292,290,301,322,334,342,357,364,360,342,318,299,295,292,297,317,327,334,350,354,343,319,295,277,275,272,276,293,301,299,304,297,280,255,229,217,216,213,215,232,240,245,255,250,235,214,188,175,177,178,176,187,194,191,198,192,178,158,139,134,132,130,128,139,143,144,153,149,138,122,107,103,105,105,103,112,117,118,124,121,126,140,139,134,137,139,140,151,156,162,170,169,161,153,141,126,125,123,117,121,121,122,127 b,127,123,117,109,106,111,113,110,117,122,122,125,119,111,103,94,94,100,103,101,108,111,112,117,
M,NSA,TOTAL,THS_PER,T,HU,278,289,288,278,264,251,247,244,239,235,230,231,241,251,250,240,230,223,223,221,217,214,211,217,232,246,248,238,227,220,220,223,224,222,222,228,243,258,262,255,243,231,228,231,230,227,226,232,248,252,248,241,241,244,246,254,255,261,263,274,285,294,297,301,298,297,301,308,308,305,309,317,326,324,319,309,306,311,315,318,317,321,320,318,313,316,314,308,297,297,305,307,311,316,328,343,337 d,330,320,318,316,312,312,323,324,329,337,352,373 b,401,436,397,392,412,411,427,456,413,444,447,464,507,510,461,472,478,439,467,468,436,457,469,500,501,484,465,452,448,454,456,454,452,441,466,500,507,503,476,464,453,452,449,453,448,451,467,503,496,475,435,425,417,423,421,407,415,379,351,366,364,354,341,352,362,339,324,306,315,328,315,338,351,343,327,304,296,296,277,278,270,281,264,278,280,271,254,228,216,220,213,210,204,196,194,203,209,215,215,197,193,190,185,183,175,172,168,178,188,180,170,159,157,174,169,168,161,160,157,163,170,165,163,156,153,155,154,155,150,148,141,153,161,168,201,225,237,216,208,207,200,200,202,211,212,208,201,196,195,194,190,185,183,183,183,178,178,176,170,167,167,171,174,180,181,185,183,192,196,195,190,186,187,194,195,191,202,207,207,222,
M,NSA,TOTAL,THS_PER,T,IE,88,86,85,89,86,88,87,84,74,69,67,70,73,73,73,75,76,83,89,91,83,80,80,80,83,86,88,90,91,94,93,92,89,94,98,100,97,93,90,94,94,103,108,107,96,89,87,92,101,103,102,98,95,99,100,98,92,91,90,92,90,89,94,101,105,112,113,109,96,91,91,94,100,102,102,104,106,116,122,122,107,98,96,101,107,112,114,117,118,126,125,122,112,112,115,118,120,123,129,132,141,160,178,186,178,180,187,201,227,249,267,285,299,315,320,319,306,300,300,303,305,304,310,320,331,342,342,340,329,332,334,341,334,330,329,333,339,356,366,365,338,330,336,355,338,352,354,348,349,360,368,364,331,320,316,322,317,318,315,324,331,333,327,317,285,275,272,281,282,283,281,277,278,283,286,280,251,236,231,237,235,234,233,232,234,236,235,231,212,208,208,204,201,198,198,206,212,216,214,208,180,169,164,169,166,165,161,158,159,165,172,168,153,147,143,145,135,134,133,140,147,150,152,148,134,133,129,130,116,114,117,125,133,138,139,133,117,110,109,116,115,115,116,109,118,141,179,190,175,146,139,145,159,175,185,193,188,179,167,153,133,131,129,131,127,124,133,124,117,123,125,125,111,112,112,114,111,111,112,116,120,131,133,133,124,118,114,121,122,116
M,NSA,TOTAL,THS_PER,T,IS,,,,,,,,,,,,,,,,,,,,,,,,,,,,,,,,,,,,,8,6,5,4,10,5,4,6,4,4,5,6,5,4,7,5,12,5,4,5,4,4,4,4,6,5,5,5,7,4,3,5,3,6,6,3,4,4,4,7,11,6,5,5,6,5,4,5,4,2,5,6,9,3,4,5,3,4,3,4,6,4,3,5,8,4,6,5,6,5,10,9,10,16,15,16,21,15,10,13,13,12,14,14,14,15,14,17,24,13,12,11,15,13,14,16,15,15,14,20,22,10,11,11,11,14,9,11,13,13,14,15,17,11,9,11,10,9,8,11,11,9,13,13,15,13,7,9,11,10,8,9,12,8,12,11,15,10,7,11,8,10,6,8,9,10,9,11,14,6,7,8,8,8,8,4,6,7,8,10,9,5,4,6,6,6,5,6,9,7,4,7,12,6,2,6,6,8,3,7,9,5,5,9,9,6,6,6,3,6,7,3,7,7,7,9,14,7,6,9,7,8,7,8,8,12,5,15,24,9,13,14,9,17,14,14,17,12,17,22,18,10,9,11,6,12,7,9,7,9,10,8,13,7,7,8,6,6,9,7,7,11,7,7,12,5,6,7,9,7,6,8,,
M,NSA,TOTAL,THS_PER,T,IT,2395,2644,2657,2572,2372,2426,2569,2287,2097,2379,2275,2222,2148,2357,2356,2273,2101,2159,2303,2069,1919,2209,2122,2062,1960,2146,2180,2179,2049,2097,2194,1949,1802,2070,2026,2041,2039,2267,2265,2160,1970,2009,2122,1911,1787,2106,2026,1943,2116 b,2038,2152,1954,1959,1844,1699,1616,1984,2050,2111,1895,1952,2079,2005,1897,1786,1829,1562,1519,2007,2100,1996,1865,1880,1947,1778,1683,1693,1496,1369,1400,1699,1827,1749,1506,1640,1582,1421,1353,1482,1334,1417,1276,1504,1615,1638,1636,1803,1799,1596,1745,1671,1657,1480,1401,1647,1817,1790,1627,1939,1952,1977,1898,1728,1810,1763,1607,2010,2166,2094,2089,2262,2287,2199,2223,2094,1935,1862,1620,2010,2253,2177,2046,2097,2128,2164,1968,1980,1846,1810,1637,2133,2261,2477,2468,2576,2727,2928,2800,2645,2612,2501,2253,2679,3052,3025,2832,3278,3276,3164,3144,3080,2901,2739,2693,3041,3257,3315,3051,3479,3496,3338,3212,3217,2818,2987,2695,3191,3477,3677,3018,3230,3294,3337,3079,3118,3037,2660,2446,2839,3071,3071,2923,3027,3077,3050,3019,2932,2934,2722,2532,3011,3067,3259,3068,3172,3041,3102,2854,2848,2734,2752,2590,2799,2915,2966,2730,3017,2871,2953,2929,2681,2701,2452,2146,2533,2886,2816,2587,2877,2896,2683,2654,2481,2369,2408,2078,2500,2539,2555,2487,2665,2546,1843,1516,1915,2281,2633,2388,2591,2629,2216,2329,2640,2608,2532,2494,2389,2301,2225,2148,2250,2436,2223,2200,2242,2156,2134,2064,1963,1993,1873,1911,1982,2059,1960,1994,2124,2097,2077,2027,1906,1806,1907,1741,1920,2095,1931,1791,1945,
M,NSA,TOTAL,THS_PER,T,JP,3090,3270,3490,3450,3290,3210,3070,3100,3190,3130,3100,2970,3170,3180,3440,3480,3470,3390,3300,3370,3570,3520,3500,3370,3440,3560,3800,3740,3760,3670,3510,3610,3650,3620,3380,3310,3570,3490,3830,3840,3750,3610,3420,3330,3460,3430,3310,3000,3230,3300,3340,3350,3200,3090,3180,3140,3090,3110,2900,2700,2950,3070,3130,3100,3070,2800,2890,2840,2850,3030,2920,2650,2920,2770,2890,2830,2770,2780,2680,2730,2800,2810,2590,2440,2640,2700,2800,2690,2570,2420,2340,2490,2690,2710,2460,2310,2560,2660,2680,2750,2700,2670,2570,2740,2720,2570,2570,2710,2780,3000,3360,3470,3480,3490,3600,3620,3640,3450,3330,3180,3240,3250,3510,3570,3480,3460,3310,3380,3410,3360,3190,3000,3100,3040,3210 b,3290,3130,3150,3120,2950,2770,2890,2810,2770,2910,2890,3070,3160,2970,2880,2880,2770,2750,2710,2590,2590,2730,2770,2820,2930,2810,2630,2570,2730,2600,2650,2510,2270,2400,2340,2480,2560,2440,2470,2490,2340,2360,2350,2210,2120,2330,2270,2300,2350,2260,2260,2240,2270,2280,2080,2100,2050,2110,2130,2160,2250,2160,2100,2030,2120,2040,1950,1970,1920,1970,1890,1880,1970,2100,1920,1910,1890,1900,1810,1780,1750,1600,1660,1720,1800,1580,1690,1720,1700,1620,1630,1670,1590,1660,1560,1740,1760,1650,1620,1560,1570,1680,1650,1500,1460,1580,1590,1760,1890,1980,1950,1970,2060,2100,2160,1960,1950,1980,1960,1900,2110,2130,2070,1920,1950,1940,1840,1840,1730,1850,1800,1800,1880,1910,1860,1760,1770,1870,1780,1650,1580,1640,1740,1930,1900,1880,1790,1830,1860,1830,1750,1690,1560,1620,
M,NSA,TOTAL,THS_PER,T,LT,268,266,266,266,267,270,280,282,279,275,278,285,296,299,297,287,276,270,268,269,274,283,291,296,294,282,264,233,210,197,193,194,196,203,211,215,216,218,222,225,221,209,198,192,182,180,188,195,198,198,193,180,170,163,162,161,159,165,166,166,159,154,152,149,140,130,121,114,109,111,111,113,108,102,97,89,83,82,87,90,86,78,74,77,79,78,75,68,61,57,59,59,57,55,58,65,73,75,74,68,67,71,83,93,96,105,119,137,162,185,203,210,212,211,211,212,213,223,236,251,272,273,272,278,273,271,277,270,265,266,262,267,260,255,250,243,231,225,229,223,213,204,199,205,211,213,214,206,194,190,187,184,185,189,195,194,194,189,191,180,167,168,159,162,158,156,167,179,184,185,181,171,166,160,141,136,129,136,148,160,150,146,141,140,136,139,126,122,119,123,127,139,127,122,119,117,119,121,115,110,108,104,108,124,118,119,116,106,99,102,96,94,96,89,93,109,102,103,107,89,81,87,83,82,84,80,84,97,95,95,96,88,88,94,87,90,90,86,93,102,101,104,113,120,126,132,128,137,147,131,132,141,117,108,101,104,111,110,106,98,93,100,100,108,97,93,91,83,77,78,88,88,89,91,94,105,114,117,118,102,88,84,96,97,99,107,115,127,133,
M,NSA,TOTAL,THS_PER,T,LU,5,5,4,4,4,4,4,4,4,4,4,4,4,4,4,3,3,3,3,3,4,4,4,4,5,4,4,4,4,4,5,5,5,6,6,6,7,7,7,7,7,7,7,7,8,8,9,9,10,10,10,10,9,9,9,10,10,10,10,10,10,10,10,9,9,9,9,9,9,10,10,10,10,10,10,9,9,8,9,9,10,10,10,10 d,10,10,9,9,8,8,8,8,8,9,9,9,10,10,10,10,10,10,10,10,11,11,12,12,13,13,12,12,11,11,11,11,11,12,11,12,12,11,11,10,9,10,10,10,10,11,11,12,12,12,11,11,11,11,11,11,12,12,12,13,13,13,13,12,12,12,12,12,12,13,13,14,15,15,15,14,14,14,15,14,15,15,15,17,17,16,16,15,15,15,15,15,16,16,17,18,18,18,18,17,17,17,18,17,17,18,18,19,19,19,18,17,17,16,17,17,17,18,18,19,18,18,17,16,15,15,16,15,16,16,16,17,17,17,17,16,16,15,16,16,16,16,16,17,17,17,17,17,17,16,17,17,16,17,17,19,19,19,21,23,23,23,22,20,20,20,20,22,22,21,20,19,18,16,17,16,15,15,15,16,15,15,15,14,14,14,14,15,15,16,16,17,17,17,17,16,16,16,17,17,18,19,19,20,20,
M,NSA,TOTAL,THS_PER,T,LV,167,167,164,159,155,153,153,153,154,155,156,158,161,160,156,149,144,142,141,141,141 d,150,147,143,137,138,145,157,156,145,125,117,118,129,134,135,128,127,128,130,131,132,134,133,128,118,114,119,129,136,137,132,127,122,121,122,125,129,130,129,126,124,121,117,113,109,105,103,100,97,94,93,94,94,92,86,80,74,70,67,67,69,70,73,76,78,78,74,70,68,67,65,62,58,58,63,72,78,79,77,76,75,78,84,92,104,117,130,145,162,176,187,193,197,201,204,206,210,215,220,223,224,225,223,216,208,201,197,194,190,186,182,178,178,180,183,179,170,160,154,152,153,155,157,160,166,171,174,171,160,146,140,139,145,146,143,136,132,126,118,113,113,119,122,121,115,113,115,118,120,118,111,105,102,105,106,105,102,101,99,99,101,102,98,96,97,97,97,97,97,98,100,102,102,100,96,94,94,95,95,93,91,90,92,92,92,90,88,86,86,86,84,82,80,79,80,80,80,80,78,75,73,71,69,67,67,67,68,68,67,66,63,61,61,61,59,57,54,56,63,71,74,77,83,84,84,84,82,78,76,75,75,75,75,75,74,73,73,71,68,65,64,66,69,69,68,67,64,62,63,66,67,66,65,63,62,60,60,59,60,60,61,62,61,61,62,64,66,67,
M,NSA,TOTAL,THS_PER,T,MT,11,11,11,10,10,9,10,10,10,10,11,11,11,12,12,12,12,11,12,13,13,13,13,13,13,13,12,12,11,10,10,10,10,11,11,10,11,10,11,12,12,12,13,13,13,13,13,12,12,12,11,12,12,11,12,12,12,11,11,11,11,11,12,12,12,11,11,10,10,11,11,12,12,12,12,12,11,11,11,11,10,10,10,10,12,12,12,11,11,10,10,11,10,10,10,9,10,10,10,10,10,10,10,10,10,10,11,10,11,11,11,12,12,12,12,11,12,12,13,13,12,12,12,12,11,11,12,11,12,13,12,12,12,12,11,12,12,11,11,10,11,11,12,11,11,11,11,11,11,11,12,12,12,12,12,10,11,11,11,12,12,12,12,12,12,12,12,11,11,11,11,12,12,12,12,12,12,12,11,11,11,11,11,11,12,11,11,11,11,12,11,11,11,11,11,11,11,10,10,10,9,10,9,9,9,9,9,9,9,9,9,9,10,10,9,9,9,9,9,9,9,9,9,9,9,9,9,9,9,10,10,9,9,9,10,10,10,10,10,9,10,9,10,12,12,13,14,14,13,13,12,12,11,11,10,9,9,9,9,9,9,9,8,9,8,9,8,8,9,8,9,9,9,9,9,9,9,9,8,8,8,7,7,8,8,8,8,7,8,
M,NSA,TOTAL,THS_PER,T,NL,327,336,334,307,300,300,268,269,280,280,275,249,269,272,268,246,241,244,221,225,241,249,253,241,274,292,299,285,289,300,278,290,315,328,338,323,473 b,493,502,483,484,505,474,495,518,523,539,516,580,587,602,591,583,589,540,550,563,576,581,568,619,645,648,616,610,600,560,567,583,586,581,552,580,595,580,537,530,511,482,483,500,511,514,473,517,539,511,470,470,451,439,428,448,453,449,415,463,457,454,437,434,423,392,388,424,423,423,405,456,479,480,482,474,470,470,474,513,515,534,520,581,584,586,557,551,543,530,517,539,530,535,506,549,559,540,523,527,503,518,509,562,578,597,560,620,614,619,627,606,592,607,585,640,645,658,652,717,736,753,746,746,748,763,745,785,781,771,753,809,828,815,799,775,738,730,703,738,742,743,730,788,773,770,754,731,704,688,671,717,725,698,671,710,718,705,695,665,634,623,591,621,617,602,566,618,612,597,580,564,532,520,496,533,515,501,479,515,504,491,479,461,446,433,429,454,448,429,416,466,444,440,423,412,410,399,402,434,436,430,382,415,406,410,439,437,504,505,500,519,516,477,449,467,474,453,434,413,403,372,387,403,393,352,349,369,360,342,321,318,344,335,369,389,370,353,330,374,375,366,336,349,356,352,363,386,361,347,339,384,
M,NSA,TOTAL,THS_PER,T,NO,79,83,78,75,75,77,81,80,75,70,68,75,80,81,76,73,81,87,88,84,83,82,75,81,85,93,88,89,91,89,89,88,87,84,80,85,93,95,95,98,105,109,109,108,103,98,93,98,98,100,97,98,106,109,110,109,104,100,94,99,105,108,109,109,114,117,122,115,108,102,97,97,103 b,103,96,99,100,109,80,91,86,69,68,57,75,71,72,71,73,77,70,70,65,69,60,49,73,66,69,70,77,91,76,75,87,81,73,74,83,86,89,94,99,105,83,94,90,86,95,76,100,103,122,102,110,125,93,98,106,97,87,98,85,88,102,99,99,106,89,98,95,99,89,83,103,98,83,94,99,96,90,88,93,99,93,92,103,108,115,111,109,110,99,116,110,94,104,111,113,88,114,100,93,101,113,99,117,105,105,100,121,130,133,127,123,141,145,117,138,133,120,139,140,156,143,140,141,137,139,146,136,131,130,108,116,124,140,129,129,135,115,121,122,107,109,118,112,111,124,116,100,130,116,115,128,109,105,97,112,122,108,89,99,120,110,125,106,120,109,109,117,102,104,114,142,153,166,153,154,157,145,128,145,153,128,146,162,142,142,118,111,105,112,86,94,103,94,76,116,102,79,104,103,89,91,94,103,113,113,104,96,114,104,110,107,106,113,98,134,
M,NSA,TOTAL,THS_PER,T,PL,2740,2882,2943,2902,2827,2758,2711,2664,2659,2666,2745,2873,3074,3168,3232,3240,3200,3179,3145,3118,3108,3103,3171,3270,3434,3486,3503,3487,3370,3417,3441,3431,3409,3353,3354,3384,3454,3448,3404,3317,3239,3245,3287,3286,3254,3202,3233,3333,3502,3512,3456,3298,3177,3139,3116,3084,3056,3030,3041,3102,3151,3196,3177,3101,3029,3006,3009,2991,2968,2905,2865,2823,2774,2670,2568,2436,2319,2243,2229,2210,2164,2091,2037,1992,1954,1866,1751,1639,1551,1498,1503,1496,1474,1425,1406,1388,1381,1320,1252,1196,1150,1108,1095,1089,1074,1055,1097,1166,1317 b,1381,1395,1331,1294,1287,1335,1354,1366,1348,1399,1505 d,1780,1821,1790,1683,1625,1579,1571,1568,1583,1572,1582,1630,1708,1721,1710,1663,1623,1583,1594,1607,1632,1643,1679,1718,1805,1824,1795,1743,1708,1685,1703,1721,1730,1716,1750,1802,1933,1961,1935,1878,1806,1746,1729,1710,1700,1667,1694,1742,1865,1875,1801,1681,1577,1494,1448,1420,1404,1384,1405,1434,1521,1515,1446,1346,1273,1223,1228,1234,1234,1213,1209,1207,1233,1211,1159,1101,1065,1032,1033,1032,1019,980,955,939,949,930,902,883,867,833,819,815,814,784,768,749,746,711,669,628,612,614,648,666,672,648,645,651,690,675,634,575,542,524,535,537,525,490,480,489,537,536,514,514,524,537,564,567,552,512,515,566,678,732,722,669,627,587,564,547,531,510,506,517,562,562,530,479,458,458,494,517,535,519,509,507,532,527,501,466,451,446,464,486,513,538,549,552,579,
M,NSA,TOTAL,THS_PER,T,PT,287,282,264,255,249,242,248,263,270,265,251,258,263,276,272,267,258,255,259,265,272,274,275,277,290,291,292,291,299,307,319,327,352,374,384,389,395,400,395,392,388,385,379,388,401,410,406,398,389,397,391,391,397,400,398,423,435,439,438,449,454,461,460,460,448,451,465,476,491,494,492,485,481,478,475,465,454,447,456,467,495,507,505,507,512,518,508,506,488,476,479,491,487,492,487,483,478,473,474,463,456,459,455,478,485,486,485,509,527,540,550,554,552,556,569,591,607,612,607,619,620,638,635,642,636,644,642,653,654,650,661,665,669,673,681,667,659,640,645,674,703,721,746,778,775,797,809,821,803,798,806,846,854,887,896,922,927,926,913,888,866,841,840,819,812,815,808,795,785,788,775,757,729,717,708,689,687,699,698,709,719,713,691,659,620,605,606,619,633,639,634,633,630,640,623,593,559,544,539,549,556,550,543,530,530,524,513,491,461,449,440,443,439,440,422,420,420,410,396,370,352,335,334,352,340,346,349,354,355,354,345,342,328,320,316,323,339,341,352,361,366,348,326,320,278,349,386,404,406,392,371,359,365,364,349,360,353,338,324,321,330,337,334,318,318,314,313,310,306,295,298,312,324,324,344,363,386,381,371,347,325,312,315,326,350,359,355,357,363,
M,NSA,TOTAL,THS_PER,T,RO,898,900,878,862,851,864,863,867,865,891,886,876,911,892,864,820,795,785,780,792,792,822,839,873,960,964,964,916,882,875,866,859,813,799,752,743,787,809,809,772,763,724,726,744,727,771,781,795 d,918,785,811,821,723,771,759,800,747,794,781,807,824,853,838,724,704,705,616,605,571,671,646,650,739,780,747,713,686,676,742,718,727,697,685,715,687,735,693,678,632,645,614,597,587,585,573,586,590,599,588,539,544,548,521,517,504,559,515,568,668,713,680,654,654,655,693,706,717,725,727,738,769,775,792,713,698,705,709,726,684,704,725,695,752,726,720,728,695,692,708,721,721,720,749,766,739,705,726,698,690,671,694,672,694,671,669,706,703,716,739,761,704,768,681,709,701,716,706,727,718,709,728,703,661,699,672,697,676,679,707,669,710,719,701,713,671,676,658,691,679,655,660,667,649,626,624,599,589,568,572,562,586,521,533,544,513,529,537,499,524,507,494,497,488,476,473,469,466,457,459,445,429,423,411,416,394,415,423,411,424,410,394,409,391,381,398,381,412,386,402,417,383,427,470,514,530,540,536,517,502,500,514,535,491,502,495,443,419,392,434,439,435,473,475,511,507,505,470,447,447,425,450,437,450,460,488,486,460,451,464,437,435,441,448,428,437,467,474,485,483,
M,NSA,TOTAL,THS_PER,T,SE,287,290,271,261,245,273,262,258,227,223,231,209 d,298 b,282,285,265,278,330,266,255,253,262,248,258,290,281,290,282,282,331,276,258,270,254,261,279,317,292,312,304,307,369,296,299,288,295,313,315,344,363,366,346,372,423,331,321,346,306,322,336,386,399,369,369 b,389,471,373,350,327,349,311,351,392,347,376,387,352,424,328,312,293,291,283,291,334,309,334,315,296,390,276,265,273,276,256,271,310,296,309,297,292,418,297,258,291,283,307,312,355,391,407,405,451,505,401,394,408,399,395,421,465,454,461,483,449,496,425,383,394,381,364,377,419,406,417,410,407,481,376,356,352,364,354,368,417,409,403,404,434,479,389,385,384,380,395,384,424,431,451,451,420,486,384,380,383,377,385,383,440,436,444,449,417,495,382,391,374,391,384,363,433,436,420,437,423,458,351,340,352,353,328,350,392,400,412,385,404,417,345,354,320,342,332,341,391,396,366,391,391,410,365,330,336,342,311,327,383,342,356,371,357,408,348 b,335,320,314,321,331,356,401,430,377,394,409,393,385,335,335,384,333,417,458,396,460,504,564,509,500,460,437,427,464,501,531,555,522,548,600,456,481,460,423,418,406,462,437,456,459,482,504,374,372,362,399,358,383,424,459,439,426,455,550,366,444,437,416,400,433,478,
M,NSA,TOTAL,THS_PER,T,SI,68,67,66,67,66,65,66,64,62,62,61,61,63,61,60,57,55,53,56,57,60,65,68,69,71,68,64,61,58,55,57,58,59,60,61,63,66,67,66,64,62,61,62,63,64,65,64,66,68,68,66,62,60,59,59,61,62,64,63,66,69,69,66,60,57,56,62,65,68,73,75,73,73,70,66,63,60,58,59,57,55,56,56,56,60,58,54,50,47,46,47,46,45,48,48,50,54,52,49,44,42,42,44,44,42,45,44,45,52 b,54,55,55,56,60,65,65,64,67,66,67,72,74,74,74,73,72,72,73,72,78,79,83,86,86,83,80,77,77,79,78,81,87,88,89,89,87,82,80,81,83,91,93,93,96,93,99,109,111,110,107,103,99,97,96,92,94,94,100,108,109,105,97,93,91,94,94,92,95,94,97,98,97,95,94,93,91,90,87,83,83,82,85,88,86,84,79,77,75,73,72,72,79,80,82,84,79,72,67,64,64,66,66,62,60,58,59,62,61,58,55,53,52,54,52,48,46,43,45,51,50,47,43,42,44,49,50,47,42,39,40,46,47,47,52,52,52,53,53,50,51,51,54,59,56,52,47,44,43,47,48,47,48,46,45,46,44,43,44,44,43,44,42,39,37,34,35,38,38,38,37,37,38,41,41,38,37,34,33,36,
M,NSA,TOTAL,THS_PER,T,SK,486,493,493,481,482,499,516,471,456,451,467,488,524,518,514,508,499,509,512,504,490,485,490,499,515,506,496,483,481,485,488,478,467,461,468,483,490,481,470,449,440,445,451,449,441,437,449,484,507,513,509,500,485,478,472,461,464,451,451,464,470,461,455,434,423,419,414,407,421,409,403,408,408,395,382,366,353,350,347,338,339,324,316,315,313,304,297,291,290,296,301,297,300,282,273,276,281,278,274,271,268,261,248,234,237,227,228,239,266 b,283,298,300,305,317,332,338,367,372,380,391,412,416,413,400,390,392,390,384,396,388,382,381,382,379,372,362,355,355,355,354,372 d,381,388,392,392,390,386,379,373,377,379,378,385,394,401,404,408,406,399,389,384,391,390,386,396,395,394,394,396,392,383,370,361,360,361,359,357,355,352,351,356,349,336,319,309,313,317,316,323,318,310,306,300,294,285,277,271,270,270,269,272,264,257,254,250,245,238,234,228,221,223,224,228,224,218,213,206,198,191,187,185,184,181,177,179,175,172,167,168,163,158,156,157,161,165,164,167,160,157,159,167,167,161,177,181,185,200,203,201,197,194,193,192,190,189,189,189,189,189,187,187,185,183,182,180,174,171,171,169,169,168,167,169,168,168,170,174,171,165,160,156,158,162,163,164,159,156,156,157,
M,NSA,TOTAL,THS_PER,T,TR,,,,,,,,,,,,,,,,,,,,,,,,,,,,,,,,,,,,,,,,,,,,,,,,,,,,,,,,,,,,,2150,2156,2083,2005,1946,1952,1960,1992,2024,2057,2138,2213,2258,2270,2105,1985,1773,1823,1850,1935,1891,1878,1940,2088,2137 b,2201,2074,2006,1885,1909,1929,2003,2026,2061,2085,2150,2250,2350,2226,2053,1950,2039,2161,2201,2298,2404,2677,2902,3188,3331,3359,3219,3029,2945,2954,3087,3043,2968,2932,3015,3227,3204,3100,2771,2567,2485,2493,2661,2636,2598,2514,2613,2718,2642,2530,2358,2288,2272,2251,2240,2127,2157,2142,2266,2348,2402,2305,2123,1988,1935,2020,2123,2213,2221,2304,2458,2552,2539,2496,2366,2263,2240,2370,2482,2527,2470,2497,2582,2849 b,2895,2656,2513,2426,2682,2806,2918,2979,3141,2999,3110,3375,3362,3019,2796,2626,2907,2990,3017,3101,3158,3030,3204,3386,3255,3003,2783,2758,3115,3387,3453,3624,3688,3569,3860,4098,3972,3628,3282,3094,3309,3401,3406,3326,3355,3182,3237,3426,3388,3121,2983,3041,3326,3544,3658,3772,3795,3864,4232,4749,4830,4524,4118,4054,4367,4685,4693,4634,4354,4199,4349,4419,4239,3905,3698,3692,4028,4588,4093,3901,4008,3960,3944,4193,4445,4193,4166,3942,3380,4003,4019,3754,3623,3651,3749,4012,3781,3800,3588,3453,3364,3644,3415,3444,3458,3504,3637,3583,3649,3529,3440,3059,3134,3436,3245,3135,2865,3075,3147,,
M,NSA,TOTAL,THS_PER,T,UK,1611,1643,1611,1552,1521,1541,1584,1608,1582,1523,1449,1419,1438,1439,1390,1320,1360,1463,1539,1551,1512,1489,1460,1446,1443,1483,1493,1469,1450,1509,1585,1619,1575,1530,1463,1420,1462,1507,1468,1397,1383,1499,1556,1561,1503,1459,1404,1369,1371,1398,1384,1346,1354,1413,1450,1454,1435,1413,1374,1366,1398,1396,1366,1350,1361,1405,1452,1477,1540,1546,1516,1486,1530,1580,1592,1578,1611,1675,1739,1751,1731,1660,1623,1609,1667,1695,1661,1579,1581,1624,1695,1707,1671,1600,1510,1501,1556,1591,1606,1532,1604,1706,1850,1904,1923,1931,1921,1957,2094,2234,2262,2300,2376,2468,2522,2521,2517,2439,2363,2328,2462,2523,2469,2385,2392,2458,2495,2499,2531,2481,2407,2411,2452,2467,2409,2399,2469,2554,2659,2721,2727,2693,2596,2567,2612,2611,2565,2458,2471,2561,2583,2585,2572,2510,2441,2430,2533,2506,2457,2403,2445,2491,2559,2553,2465,2322,2269,2242,2217,2189,2104,2000,1991,2004,2014,2017,1999,1889,1773,1753,1794,1799,1751,1744,1783,1817,1831,1823,1775,1654,1597,1586,1661,1669,1612,1547,1578,1627,1677,1638,1633,1568,1500,1480,1517,1519,1473,1398,1426,1457,1476,1463,1457,1415,1390,1370,1391,1414,1373,1294,1280,1331,1391,1412,1410,1335,1282,1247,1286,1264,1233,1200,1268,1287,1340,1339,1319,1258,1200,1236,1330,1337,1295,1235,1262,1374,1553,1665,1733,,,,,,,,,,,,,,,,,,,,,,,,,,,,,,,,,,,,,,,,,